,0,1,2,3,4,5,6,7,8,9,10,11
1992-02-29,5.342948306008566e-16,6.765421556309548e-17,2.82589642879589e-16,0.3,3.762647105823366e-16,0.0,0.2999999999999998,0.29999999999999954,8.933825901280557e-17,0.09999999999999977,9.740791181906485e-17,0.0
1992-03-31,1.8388068845354155e-16,0.0,2.5557368566464495e-16,0.3,6.865723112814399e-17,7.472876329406281e-17,0.2999999999999996,0.3,1.0595378586164534e-16,0.09999999999999953,1.0161697717170332e-16,0.0
1992-04-30,0.0,3.859759734048396e-16,1.1882855810441129e-16,0.2999999999999999,1.1102230246251565e-16,0.0,0.3,0.2999999999999996,6.938893903907228e-18,0.10000000000000028,1.0928757898653885e-16,0.0
1992-05-31,3.3306690738754696e-16,0.0,1.6297196050986684e-16,0.3,0.0,0.0,0.3,0.29999999999999977,1.529973005230002e-16,0.10000000000000045,0.0,0.0
1992-06-30,5.204170427930421e-17,0.0,0.0,0.3,2.949029909160572e-17,4.996003610813204e-16,0.3,0.29999999999999966,9.540979117872439e-18,0.09999999999999992,0.0,0.0
1992-07-31,0.0,0.0,0.0,0.3,7.45931094670027e-17,2.5587171270657905e-16,0.3,0.3,2.3809079707781677e-16,0.0999999999999997,0.0,3.209238430557093e-17
1992-08-31,1.0755285551056204e-16,0.0,0.0,0.29999999999999977,0.0,0.0,0.3,0.3,3.0270924655795284e-16,0.10000000000000071,0.0,0.0
1992-09-30,0.09999999999999973,3.469446951953614e-16,0.0,0.3,0.0,1.0495077029659683e-16,0.2999999999999996,0.3,2.0231212538579513e-16,0.0,1.2858637765678083e-16,0.0
1992-10-31,0.09999999999999919,5.546778314435841e-16,4.870236158804886e-16,0.29999999999999993,0.0,0.0,0.3,0.3,1.437652080715779e-16,1.5439038936193583e-16,0.0,0.0
1992-11-30,0.10000000000000048,3.911143814828851e-16,0.0,0.3,0.0,0.0,0.29999999999999977,0.3,2.745199900733297e-16,0.0,5.833007687972014e-17,0.0
1992-12-31,0.09999999999999984,2.3408076692896914e-16,0.0,0.3,1.2262478359745928e-16,7.699353313995813e-18,0.29999999999999993,0.3,0.0,0.0,1.1395116621757525e-16,0.0
1993-01-31,0.09999999999999996,4.939625097843958e-16,0.0,0.2999999999999999,3.7383290907300193e-16,0.0,0.29999999999999977,0.3,0.0,0.0,1.8171228410857054e-16,5.334274688628682e-17
1993-02-28,0.09999999999999994,0.0,3.439108584077832e-16,0.2999999999999998,1.1709383462843448e-17,1.8344893687992855e-16,0.3,0.29999999999999966,2.4721738828050704e-17,7.28583859910259e-17,0.0,7.025630077706069e-17
1993-03-31,0.019111808004171404,0.0,1.8279648628105605e-16,0.3,0.0,1.745565497701662e-17,0.3,0.29999999999999977,1.1275702593849246e-17,0.08088819199582863,0.0,1.4203048459560108e-17
1993-04-30,0.047805823205236644,4.198030811863873e-16,1.2939399095651474e-16,0.3,4.8138576458356397e-17,0.0,0.29999999999999993,0.2999999999999999,0.0,0.05219417679476336,0.0,1.0711917464156784e-16
1993-05-31,2.498001805406602e-16,0.0,1.3600232051658168e-15,0.3,0.0,0.0,0.3,0.3,0.0,0.09999999999999937,0.0,3.191891195797325e-16
1993-06-30,4.440892098500626e-16,1.5265566588595902e-16,1.8041124150158794e-16,0.29999999999999943,0.0,4.163336342344337e-17,0.2999999999999998,0.29999999999999977,2.0816681711721685e-16,0.09999999999999955,4.579669976578771e-16,2.0816681711721685e-16
1993-07-31,2.0816681711721685e-16,3.7470027081099033e-16,0.0,0.29999999999999893,6.938893903907228e-17,5.412337245047638e-16,0.2999999999999999,0.2999999999999995,2.636779683484747e-16,0.0999999999999999,4.0245584642661925e-16,2.914335439641036e-16
1993-08-31,7.552131850824488e-18,0.0,1.6614908216572664e-16,0.3,0.010637271223565753,0.0,0.29999999999999977,0.2999999999999998,1.43150911373755e-18,0.0893627287764347,0.0,2.996351899063459e-17
1993-09-30,0.0,8.945017664062003e-18,5.514246514342597e-16,0.3,0.02590908746709333,3.286038746102693e-17,0.2999999999999999,0.3,0.0,0.07409091253290612,0.0,5.731717755875486e-17
1993-10-31,0.0,1.017727496811913e-17,4.306329894108725e-16,0.2999999999999998,0.04661813297108401,0.0,0.3,0.3,1.2254755528686228e-16,0.053381867028915585,0.0,1.1618345535237762e-16
1993-11-30,0.0,0.03190303120264901,4.8684918038146805e-16,0.3,0.0,1.350555534022281e-16,0.3,0.2999999999999999,0.0,0.06809696879735072,0.0,4.4250047805187834e-17
1993-12-31,0.0,0.03399784481215793,0.0,0.3,0.0,1.554600366251009e-16,0.3,0.29999999999999977,1.9999053365703922e-17,0.0660021551878422,0.0,4.276145492755709e-17
1994-01-31,1.6338699119539779e-16,0.03212908123265966,0.0,0.3,0.0,0.0,0.2999999999999999,0.3,0.0,0.0678709187673409,2.8291658456919324e-17,1.3225566421363367e-16
1994-02-28,0.05618041370642575,1.3091741232762466e-16,8.735959004801952e-16,0.2999999999999999,0.0,0.0,0.29999999999999966,0.3,0.0,0.04381958629357425,9.73613550891983e-17,0.0
1994-03-31,0.0,3.3205586626737217e-16,5.640584291517093e-16,0.3,0.08839703261239217,1.5636501962402445e-16,0.2999999999999998,0.29999999999999977,0.0,0.011602967387607223,0.0,1.0221965317657464e-16
1994-04-30,3.122502256758253e-17,0.0,0.0,0.3,0.10000000000000024,4.5873360584396324e-17,0.2999999999999999,0.3,7.926678749694986e-17,0.0,0.0,2.6454533008646308e-17
1994-05-31,0.0,0.0,0.0,0.3,0.09943304636919362,0.0,0.29999999999999993,0.3,1.0901310718331803e-16,0.0005669536308065023,3.2809859263066885e-17,7.058490260871688e-17
1994-06-30,1.1449174941446927e-15,3.37403716077489e-16,0.0,0.3,0.09999999999999958,0.0,0.3,0.29999999999999943,1.6046192152785466e-16,0.0,0.0,5.637851296924623e-17
1994-07-31,0.09999999999999881,0.0,3.209238430557093e-16,0.3,3.9898639947466563e-16,1.5005358067199381e-16,0.2999999999999999,0.3,0.0,2.723515857283587e-16,2.949029909160572e-17,8.673617379884035e-18
1994-08-31,0.10000000000000007,1.0755285551056204e-16,3.0357660829594124e-17,0.3,1.214306433183765e-16,0.0,0.29999999999999977,0.29999999999999993,0.0,0.0,1.214306433183765e-16,1.0928757898653885e-16
1994-09-30,0.10000000000000026,0.0,0.0,0.3,1.3877787807814457e-16,0.0,0.3,0.2999999999999996,2.3592239273284576e-16,1.3877787807814457e-17,0.0,2.914335439641036e-16
1994-10-31,0.09999999999999952,1.2032970699129336e-16,8.390051399578041e-17,0.3,0.0,1.3464117566810202e-16,0.3,0.3,0.0,0.0,2.1597307275911248e-16,0.0
1994-11-30,0.10000000000000049,0.0,0.0,0.3,0.0,0.0,0.3,0.3,0.0,0.0,2.3462135012586316e-16,0.0
1994-12-31,0.09999999999999969,8.543513119185775e-17,5.56629395354058e-16,0.3,0.0,0.0,0.29999999999999977,0.3,0.0,0.0,0.0,9.974659986866641e-17
1995-01-31,0.10000000000000003,0.0,0.0,0.3,1.6653345369377348e-16,1.196959198423997e-16,0.3,0.29999999999999993,0.0,0.0,4.336808689942018e-18,0.0
1995-02-28,0.09999999999999908,0.0,1.1518563880486e-15,0.2999999999999993,4.163336342344337e-17,8.326672684688674e-17,0.3,0.29999999999999977,0.0,2.220446049250313e-16,6.661338147750939e-16,0.0
1995-03-31,0.09999999999999952,4.163336342344337e-17,4.163336342344337e-16,0.2999999999999999,0.0,4.0245584642661925e-16,0.3,0.29999999999999966,6.938893903907228e-17,0.0,0.0,0.0
1995-04-30,0.09999999999999977,3.191891195797325e-16,1.2490009027033011e-15,0.2999999999999996,0.0,0.0,0.2999999999999992,0.29999999999999993,1.3877787807814457e-17,4.163336342344337e-17,3.7470027081099033e-16,0.0
1995-05-31,0.09999999999999931,0.0,4.579669976578771e-16,0.3,0.0,2.7755575615628914e-17,0.29999999999999927,0.3,0.0,1.249000902703301e-16,4.996003610813204e-16,3.885780586188048e-16
1995-06-30,0.09999999999999959,1.1102230246251565e-16,6.938893903907228e-17,0.29999999999999977,9.71445146547012e-17,1.942890293094024e-16,0.3,0.3,0.0,0.0,0.0,8.326672684688674e-17
1995-07-31,0.09999999999999963,6.522560269672795e-16,9.159339953157541e-16,0.2999999999999988,1.3877787807814457e-16,8.743006318923108e-16,0.2999999999999993,0.2999999999999992,1.5265566588595902e-16,6.938893903907228e-17,3.469446951953614e-16,0.0
1995-08-31,0.09999999999999926,0.0,2.498001805406602e-16,0.3,8.326672684688674e-17,0.0,0.3,0.3,2.3592239273284576e-16,0.0,0.0,0.0
1995-09-30,0.09999999999999956,1.6653345369377348e-16,3.7470027081099033e-16,0.2999999999999999,4.718447854656915e-16,0.0,0.3,0.3,8.326672684688674e-17,0.0,0.0,0.0
1995-10-31,2.688821387764051e-17,1.9081958235744878e-17,0.0,0.29999999999999993,0.1000000000000005,0.0,0.2999999999999997,0.3,8.239936510889834e-18,0.0,8.478460988836645e-17,4.597017211338539e-17
1995-11-30,9.22652748441182e-17,0.0,1.4700100541945272e-16,0.3,0.10000000000000003,3.659963774809055e-17,0.2999999999999998,0.29999999999999993,8.564876385604922e-17,8.31946322300978e-17,0.0,7.889272796397543e-17
1995-12-31,0.0,0.04142297214306706,2.895739659092397e-16,0.3,0.05857702785693308,1.2928656566813482e-17,0.3,0.3,0.0,0.0,1.5234010774182763e-18,0.0
1996-01-31,2.1472109309493976e-17,0.0,0.0,0.2999999999999998,0.10000000000000003,0.0,0.3,0.3,7.834326021622697e-17,1.9262732902920378e-16,3.7409697523367594e-17,0.0
1996-02-29,0.0,0.0,0.0,0.3,0.09999999999999999,3.2319326235463215e-17,0.3,0.3,0.0,6.94878886642619e-17,4.8654755517848055e-17,0.0
1996-03-31,1.3721711232542066e-16,1.2636835189504342e-16,0.10000000000000014,0.29999999999999993,8.326672684688674e-17,3.769686388426679e-17,0.2999999999999998,0.2999999999999998,0.0,1.0847450364527765e-17,0.0,2.9143730560217125e-17
1996-04-30,0.0,0.10000000000000017,6.938893903907228e-18,0.2999999999999998,0.0,3.809735245651757e-17,0.3,0.3,5.44413066133813e-18,5.72721334327708e-17,0.0,3.9731855814363446e-17
1996-05-31,0.10000000000000045,0.0,0.0,0.3,0.0,0.0,0.3,0.3,0.0,2.3418766925686896e-17,1.6479873021779667e-17,4.2934406030425976e-17
1996-06-30,0.032220055102930724,0.06777994489706965,6.938893903907228e-18,0.2999999999999999,0.0,0.0,0.29999999999999993,0.3,0.0,2.222614453595284e-18,1.242495689668388e-16,0.0
1996-07-31,0.0,0.10000000000000014,9.00911215604339e-17,0.2999999999999998,2.0026614423073618e-16,1.278231502928209e-16,0.2999999999999998,0.2999999999999999,1.1461642713682858e-16,8.356509634917709e-17,3.37668819947781e-18,0.0
1996-08-31,2.094066051871849e-16,0.1,4.1537554283415494e-17,0.29999999999999977,0.0,5.3689277704986385e-17,0.3,0.29999999999999966,0.0,1.3196565444369006e-16,1.3548591833783948e-16,6.034628114593876e-17
1996-09-30,0.09335186717869545,0.0066481328213052054,1.3183898417423734e-16,0.3,0.0,0.0,0.29999999999999927,0.2999999999999998,0.0,6.497306456169802e-17,0.0,0.0
1996-10-31,0.09999999999999959,1.249000902703301e-16,9.952975943416931e-17,0.29999999999999993,7.925517880869037e-17,2.030457063413996e-16,0.3,0.29999999999999977,8.46761896711179e-17,0.0,7.383416794626285e-17,1.380477861008936e-16
1996-11-30,0.10000000000000035,0.0,0.0,0.29999999999999977,0.0,1.7718560996752341e-16,0.3,0.3,9.150666335777657e-17,3.186460478228903e-17,7.632783294297951e-17,0.0
1996-12-31,0.10000000000000052,0.0,0.0,0.2999999999999998,0.0,1.3921155894713877e-16,0.2999999999999997,0.3,0.0,3.2959746043559335e-17,6.158268339717665e-17,9.107298248878237e-18
1997-01-31,0.0,0.10000000000000103,0.0,0.29999999999999993,0.0,0.0,0.3,0.29999999999999977,0.0,0.0,1.5395670849294163e-16,0.0
1997-02-28,0.10000000000000057,2.2898349882893854e-16,2.3071822230491534e-16,0.3,1.7867651802561113e-16,0.0,0.2999999999999995,0.2999999999999999,0.0,0.0,1.5612511283791264e-17,5.724587470723463e-17
1997-03-31,0.09999999999999981,0.0,8.326672684688674e-17,0.2999999999999998,4.85722573273506e-17,0.0,0.3,0.3,0.0,1.3530843112619095e-16,1.265534985833705e-16,1.3877787807814457e-16
1997-04-30,0.2999999999999998,5.707240235963695e-16,0.0,0.29999999999999993,5.551115123125783e-17,5.204170427930421e-17,0.0,0.2999999999999999,0.09999999999999984,1.5265566588595902e-16,0.0,0.0
1997-05-31,0.09999999999999994,3.410900034639397e-16,0.0,0.3,4.640385298237959e-17,0.0,0.0,0.3,0.3,1.0191500421363742e-16,2.303929616531697e-17,0.0
1997-06-30,0.10000000000000142,0.0,3.8163916471489756e-17,0.2999999999999999,0.0,0.0,0.0,0.3,0.3,0.0,1.180183817193103e-16,2.0816681711721685e-17
1997-07-31,0.29999999999999943,0.0,0.0,0.3,0.0,6.938893903907228e-17,0.06253738928627584,0.3,0.037462610713725,3.903127820947816e-17,0.0,0.0
1997-08-31,0.3,2.706168622523819e-16,0.0,0.3,7.502679033599691e-17,9.71445146547012e-17,0.09999999999999953,0.2999999999999997,2.6020852139652106e-17,1.9949319973733282e-16,4.597017211338539e-17,8.890457814381136e-17
1997-09-30,0.09999999999999873,4.614364446098307e-16,2.931682674400804e-16,0.2999999999999999,3.382710778154774e-16,0.0,0.3,0.29999999999999966,2.8102520310824275e-16,0.0,3.469446951953614e-18,4.85722573273506e-17
1997-10-31,0.3,0.0,0.0,0.3,0.0,1.5699247457590104e-16,0.1000000000000003,0.3,0.0,0.0,3.122502256758253e-17,0.0
1997-11-30,0.10000000000000075,0.0,0.0,0.3,0.0,7.26415455565288e-17,0.29999999999999977,0.3,2.654126918244515e-16,0.0,0.0,0.0
1997-12-31,1.2628786905111156e-15,0.21048276293195892,0.0,0.2999999999999998,8.326672684688674e-17,0.0,0.18951723706803927,0.3,4.371503159461554e-16,1.0347879771943396e-16,0.0,2.2898349882893854e-16
1998-01-31,0.0,0.3,0.0,0.3,0.0,0.0,2.6020852139652106e-16,0.2999999999999997,0.09999999999999956,6.747852379597507e-17,6.618913057976414e-17,2.6664748214134953e-17
1998-02-28,3.643189094576019e-16,0.29999999999999943,1.151712706803669e-16,0.3,0.0,4.63291425604616e-16,0.10000000000000045,0.3,0.0,0.0,9.46698600168721e-17,0.0
1998-03-31,0.09999999999999937,2.220446049250313e-16,1.194790794079026e-16,0.3,4.401860820291148e-17,0.0,0.29999999999999993,0.2999999999999999,1.0907073855204175e-16,2.725684261628558e-16,4.0332320816460765e-17,7.3075226425523e-17
1998-04-30,0.10000000000000003,7.503221134685933e-16,4.130810277169772e-17,0.2999999999999998,0.0,0.0,0.3,0.29999999999999977,0.0,0.0,0.0,0.0
1998-05-31,0.10000000000000045,0.0,4.5374454288524744e-17,0.2999999999999999,4.499704105487676e-16,0.0,0.2999999999999999,0.3,4.708088325315411e-17,0.0,0.0,4.5102810375396984e-17
1998-06-30,0.29999999999999993,0.0,3.784846038831352e-17,0.2999999999999999,5.475319016737492e-16,0.0,0.10000000000000059,0.2999999999999997,0.0,8.900262382950553e-18,2.3994374533961155e-16,0.0
1998-07-31,0.3,2.463307335887066e-16,0.0,0.3,1.0061396160665481e-16,0.0,0.0999999999999995,0.2999999999999998,1.97758476261356e-16,7.600257229123386e-17,1.2836953722228372e-16,0.0
1998-08-31,0.10000000000000021,0.0,0.0,0.29999999999999977,6.765421556309548e-16,0.0,0.3,0.2999999999999995,0.0,1.227316859253591e-16,3.946495907847236e-16,2.5283594662361963e-16
1998-09-30,0.09999999999999978,1.1861171766991419e-16,0.0,0.3,0.0,0.0,0.3,0.3,0.0,1.3422422895370545e-16,3.5561831257524545e-16,7.068998164605489e-17
1998-10-31,0.3,0.0,0.0,0.3,0.0,0.0,0.10000000000000091,0.3,0.0,1.7867651802561113e-16,2.0990154059319366e-16,0.0
1998-11-30,0.10000000000000002,0.0,6.72639027810007e-16,0.3,0.0,2.2551405187698492e-17,0.2999999999999996,0.3,0.0,7.19910242530375e-17,0.0,1.1275702593849246e-17
1998-12-31,0.09999999999999955,6.488950002325744e-17,5.056718932472393e-16,0.2999999999999998,2.7755575615628914e-17,5.914322850908427e-17,0.2999999999999999,0.2999999999999999,1.2023802092864244e-16,3.134970581741836e-16,0.0,5.117434254131581e-17
1999-01-31,0.2999999999999999,0.0,6.201636426617085e-17,0.3,0.09999999999999998,2.7851967965026453e-16,1.600756745039067e-16,0.3,0.0,0.0,0.0,3.84281907510331e-17
1999-02-28,0.2999999999999998,1.7928629018908018e-17,3.770163885461071e-16,0.29999999999999993,0.09999999999999962,1.601759540490062e-16,0.0,0.3,0.0,2.237793284010081e-16,1.1015494072452725e-16,3.8163916471489756e-17
1999-03-31,0.0999999999999997,0.0,7.979727989493313e-17,0.2999999999999999,0.29999999999999977,1.4311468676808659e-16,1.491862189340054e-16,0.3,3.1051550219984847e-16,3.469446951953614e-17,0.0,0.0
1999-04-30,0.3,0.0,1.7997756063259374e-16,0.3,0.09999999999999974,1.222980050563649e-16,8.673617379884035e-18,0.3,0.0,1.6653345369377348e-16,9.93129189996722e-17,6.375108774214766e-17
1999-05-31,0.2999999999999999,0.0,2.1662359406260379e-16,0.3,0.0999999999999996,2.8666305440516737e-16,6.396792817664476e-17,0.3,2.0383000842727483e-17,1.3487475025719675e-16,0.0,9.237402509576498e-17
1999-06-30,0.3,0.0,0.0,0.29999999999999993,0.10000000000000012,2.3765711620882257e-16,7.632783294297951e-17,0.3,0.0,1.1622647289044608e-16,0.0,0.0
1999-07-31,0.29999999999999966,4.2630482605978706e-17,3.323293030941055e-16,0.2999999999999998,0.10000000000000023,0.0,1.857451693740653e-16,0.2999999999999996,0.0,2.0383000842727483e-16,0.0,1.9081958235744878e-16
1999-08-31,0.29999999999999977,0.0,2.172741153660951e-16,0.2999999999999997,0.10000000000000019,3.222248856626919e-16,0.0,0.3,0.0,5.2909066017292616e-17,0.0,4.119968255444917e-17
1999-09-30,0.2999999999999998,3.200564813177209e-16,2.5153490401663703e-17,0.3,0.09999999999999949,0.0,1.0928757898653885e-16,0.2999999999999996,3.3219954564955856e-16,3.0357660829594124e-17,2.5934115965853266e-16,2.688821387764051e-17
1999-10-31,0.3,0.0,0.0,0.29999999999999993,0.10000000000000012,0.0,7.670139790519445e-17,0.3,0.0,0.0,1.6864174213196522e-16,0.0
1999-11-30,0.3,0.0,2.6020852139652106e-17,0.3,0.10000000000000049,0.0,7.502679033599691e-17,0.2999999999999998,7.155734338404329e-17,0.0,3.122502256758253e-17,0.0
1999-12-31,0.3,2.6020852139652106e-17,1.8908485888147197e-16,0.3,0.09999999999999991,2.237793284010081e-16,6.418476861114186e-17,0.29999999999999993,0.0,0.0,0.0,0.0
2000-01-31,0.2999999999999999,2.710505431213761e-17,0.0,0.3,0.10000000000000017,0.0,0.0,0.29999999999999993,7.936359902593892e-17,0.0,1.7520707107365752e-16,5.5294310796760726e-17
2000-02-29,0.29999999999999977,1.1978049587771823e-16,3.377414994863965e-16,0.3,0.0,0.0,0.0,0.3,8.184506507785711e-19,0.09999999999999999,6.486720161444606e-19,0.0
2000-03-31,0.2999999999999998,2.0209528495129803e-16,3.972516759986888e-16,0.2999999999999996,1.700029006457271e-16,0.0,1.2750217548429532e-16,0.2999999999999997,5.551115123125783e-17,0.10000000000000014,1.214306433183765e-16,0.0
2000-04-30,0.29999999999999927,7.332459292519466e-16,0.0,0.2999999999999999,0.10000000000000055,0.0,1.463672932855431e-17,0.2999999999999999,0.0,0.0,2.5326962749261384e-16,1.1714804473705875e-16
2000-05-31,1.0408340855860843e-17,0.0,1.1145598333150986e-16,0.3,0.09999999999999996,3.5171518475429764e-16,0.0,0.3,3.642919299551295e-17,0.2999999999999997,1.192622389734055e-16,0.0
2000-06-30,0.024932668251239933,1.24683249835833e-16,0.0,0.3,0.07506733174875918,0.0,0.0,0.2999999999999999,1.4983674023749671e-16,0.3,2.461138931542095e-16,2.8406096919120216e-17
2000-07-31,0.1566920634278712,0.0,0.0,0.29999999999999993,0.0,0.0,0.0,0.3,0.0,0.2433079365721293,0.0,4.3064510291124236e-16
2000-08-31,0.08576200300901222,0.0,2.693158196453993e-16,0.2999999999999999,0.3,0.0,1.3158656835595556e-16,0.2999999999999999,0.0,0.014237996990986256,7.212485545870367e-18,3.497568445802457e-17
2000-09-30,0.2999999999999992,3.5214886562329184e-16,2.0469737016526324e-16,0.3,4.85722573273506e-16,6.028164079019405e-17,2.5847379792054426e-16,0.2999999999999999,0.0,0.10000000000000031,0.0,0.0
2000-10-31,0.06393842286069366,0.0,0.0,0.3,0.03606157713930641,5.421010862427522e-17,0.0,0.3,0.0,0.3,0.0,0.0
2000-11-30,0.02498338238218987,0.0,0.0,0.29999999999999993,0.07501661761781052,0.0,0.0,0.2999999999999999,8.506199166735138e-18,0.3,2.7741544299745235e-16,0.0
2000-12-31,0.0,3.400058012914542e-16,0.0,0.3,0.09999999999999992,1.986258379993444e-16,0.0,0.3,8.586881206085195e-17,0.29999999999999993,0.0,0.0
2001-01-31,0.09999999999999963,0.0,0.0,0.3,6.990935608186533e-16,8.370040771588094e-17,0.0,0.29999999999999993,0.0,0.3,0.0,0.0
2001-02-28,0.09519500403048162,4.853973126217603e-16,0.0,0.2999999999999996,1.1728357000861944e-15,0.004804995969518269,0.0,0.3,0.0,0.3,0.0,0.0
2001-03-31,0.07452716083513862,0.0,5.599091069258266e-16,0.3,0.0,0.025472839164861406,0.0,0.3,1.2874900798265365e-17,0.3,0.0,0.0
2001-04-30,0.07599824098094239,0.0,0.0,0.29999999999999993,0.0,0.024001759019058065,9.137113808621589e-17,0.3,0.0,0.3,0.0,1.260385025514399e-16
2001-05-31,0.09480767914750324,4.445228907190568e-18,0.0,0.29999999999999943,5.162970745375972e-16,0.005192320852497142,0.0,0.3,5.567378155713065e-17,0.2999999999999998,0.0,1.0667856349184295e-17
2001-06-30,0.09224045417560635,0.0,2.875304161431558e-16,0.3,0.0,0.007759545824394884,7.39425881635114e-17,0.29999999999999954,0.0,0.2999999999999995,7.853418436398751e-16,7.703256435509509e-17
2001-07-31,0.10150134385526313,1.0448280486885736e-16,3.165870343657673e-17,0.2897272308286342,9.11380346191315e-16,0.008771425316102168,0.0,0.3,2.8189256484623115e-18,0.3,0.0,0.0
2001-08-31,0.09775231045117642,0.0,3.1496132587898003e-16,0.29999999999999905,0.0,0.00224768954882361,3.944327503502265e-16,0.29999999999999954,2.435118079402443e-16,0.2999999999999993,1.096345236817342e-15,2.9945664004049632e-16
2001-09-30,0.20605357768361057,0.0,1.569382318647284e-16,0.19394642231638903,5.552741100359027e-16,0.0,0.0,0.29999999999999977,6.938893903907228e-18,0.29999999999999977,5.355958732078392e-16,1.0234868508263162e-16
2001-10-31,0.21464398553696304,0.0,0.0,0.18535601446303657,8.003983387143536e-16,0.0,1.7958417474915376e-16,0.2999999999999996,1.401192156706814e-16,0.29999999999999916,8.599891632155021e-16,2.964208739575369e-16
2001-11-30,0.11852041107443237,0.0,4.676706071016223e-16,0.2814795889255686,0.0,0.0,0.0,0.2999999999999999,2.987248035740686e-16,0.29999999999999954,0.0,9.367506770274758e-17
2001-12-31,0.09999999999999831,3.885780586188048e-16,8.187894806610529e-16,0.3,0.0,0.0,0.0,0.3,0.0,0.3,4.996003610813204e-16,0.0
2002-01-31,0.10000000000000044,5.273559366969494e-16,0.0,0.3,0.0,6.106226635438361e-16,0.0,0.29999999999999916,0.0,0.3,6.38378239159465e-16,2.7755575615628914e-17
2002-02-28,0.09999999999999966,8.049116928532385e-16,1.249000902703301e-16,0.3,0.0,0.0,6.938893903907228e-17,0.3,0.0,0.3,0.0,1.942890293094024e-16
2002-03-31,0.09999999999999881,1.3877787807814457e-15,1.1518563880486e-15,0.2999999999999987,0.0,1.3600232051658168e-15,0.0,0.2999999999999984,5.828670879282072e-16,0.299999999999999,1.1657341758564144e-15,1.6653345369377348e-16
2002-04-30,0.09999999999999931,0.0,3.677613769070831e-16,0.3,1.8214596497756474e-16,1.3010426069826053e-17,0.0,0.2999999999999998,1.8909088798123702e-16,0.2999999999999998,3.599611503649525e-16,6.938893903907228e-17
2002-05-31,0.1301489053600355,0.0,1.3227266504323154e-17,0.26985109463996476,0.0,0.0,0.0,0.3,0.0,0.3,1.0354130747236567e-16,0.0
2002-06-30,0.20529137262711428,0.0,3.7052609244692114e-17,0.194708627372886,2.806186272935607e-16,0.0,0.0,0.3,3.230922474006803e-17,0.29999999999999966,2.567119693902553e-16,0.0
2002-07-31,0.10000000000000088,0.0,0.0,0.2999999999999996,0.0,0.0,0.0,0.3,1.4224732503009818e-16,0.3,2.5673907444456745e-16,0.0
2002-08-31,0.2678533612208125,0.0,0.0,0.13214663877918736,4.163336342344337e-17,2.1163626406917047e-16,0.0,0.3,0.0,0.3,0.0,0.0
2002-09-30,6.055095063357174e-16,9.662735564669401e-17,0.0,0.3,0.09999999999999878,0.0,0.0,0.3,0.0,0.3,1.6051738202337095e-16,9.053433926735544e-17
2002-10-31,2.893861108008985e-16,2.6323829579862508e-17,6.71741393423521e-17,0.10327370747212324,0.29999999999999916,0.0,0.0,0.2967262925278769,1.139942798878903e-16,0.3,0.0,3.3505319526725336e-16
2002-11-30,1.0737950563153882e-15,0.0,0.0,0.10000000000000053,0.2999999999999986,4.693878660259784e-16,0.0,0.3,0.0,0.3,0.0,0.0
2002-12-31,0.0,7.114559635574902e-16,0.0,0.10000000000000085,0.3,2.1349481426580182e-16,0.0,0.2999999999999986,0.0,0.3,0.0,1.1869522190811363e-16
2003-01-31,0.08829096127664354,0.0,3.7438676325191337e-16,0.011709038723355228,0.3,0.0,1.2923689896027213e-16,0.3,2.8015784137025435e-16,0.29999999999999954,1.7889335846010823e-16,2.404760418572849e-16
2003-02-28,0.10000000000000042,0.0,0.0,2.7755575615628914e-17,0.3,0.0,8.370040771588094e-17,0.3,0.0,0.3,0.0,0.0
2003-03-31,0.09322642093228616,4.0180532512312794e-16,9.606031248221569e-17,0.006773579067713699,0.29999999999999993,0.0,4.445228907190568e-18,0.2999999999999997,1.0885389811754465e-16,0.2999999999999998,1.9971004017182992e-16,1.1167282376600696e-16
2003-04-30,1.016547956922409e-15,1.6653345369377348e-16,4.705437428587089e-17,0.10000000000000006,0.2999999999999993,8.066464163292153e-17,0.0,0.29999999999999993,0.0,0.3,0.0,0.0
2003-05-31,0.0,0.0,3.1106058656871343e-16,0.3,0.09999999999999962,0.0,0.0,0.29999999999999966,0.0,0.3,2.6925301635092335e-16,0.0
2003-06-30,0.0,6.513892144736011e-16,2.5947413107330876e-16,0.1604026989853718,0.3,0.0,6.80430897797796e-17,0.23959730101462726,6.05912157407394e-17,0.2999999999999994,6.065698643075262e-16,1.245731463991843e-16
2003-07-31,4.652622192779999e-16,0.0,4.154138196468342e-16,0.17008979663623994,0.2999999999999997,7.161794401133561e-17,1.38052165478252e-16,0.22991020336376006,0.0,0.3,0.0,0.0
2003-08-31,0.0,1.2828366638878005e-16,0.0,0.10099008986306142,0.3,1.3351250030680262e-17,0.0,0.2990099101369387,1.4147571036397386e-16,0.3,0.0,0.0
2003-09-30,1.3183898417423734e-16,0.0,3.8163916471489756e-16,0.09999999999999973,0.3,1.3357370765021415e-16,0.0,0.3,1.5785983631388945e-16,0.3,0.0,0.0
2003-10-31,0.29999999999999993,0.0,0.0,0.10000000000000059,0.3,3.207070026212122e-16,0.0,0.0,0.0,0.3,3.870601755773251e-16,0.0
2003-11-30,0.006682622278307287,0.0,0.0,0.2999999999999999,0.2999999999999993,5.637851296924623e-18,0.0,0.09331737772169306,1.3725999503666486e-16,0.3,1.971079549578647e-16,1.713039432527097e-17
2003-12-31,0.1000000000000005,0.0,2.636779683484747e-16,0.2999999999999998,0.2999999999999997,8.370040771588094e-17,0.0,0.0,1.6306400674181987e-16,0.3,2.6064220226551527e-16,0.0
2004-01-31,0.2999999999999999,3.2466056242573553e-16,1.538038438881716e-16,0.0999999999999998,0.3,0.0,3.1370922238491413e-16,0.0,1.3247698416842785e-17,0.2999999999999996,0.0,1.3496109213629111e-17
2004-02-29,0.2999999999999998,0.0,0.0,0.1000000000000003,0.3,0.0,1.5511816576084713e-16,1.8214596497756474e-16,0.0,0.3,1.5114897462452483e-16,0.0
2004-03-31,0.3,0.0,3.7833751627902954e-16,0.06981979950818709,0.2999999999999996,2.798177794596865e-16,0.0,0.030180200491813074,0.0,0.3,0.0,0.0
2004-04-30,0.3,3.5388229122659275e-16,0.0,0.04605354174062658,0.3,6.568104843851291e-17,9.920083880646373e-17,0.0539464582593728,5.52398654525662e-17,0.2999999999999997,1.4445642659049654e-16,7.902480647232078e-17
2004-05-31,0.29999999999999993,0.0,0.0,0.10000000000000066,0.2999999999999999,0.0,0.0,0.0,2.2371018185248345e-16,0.3,1.5659207206541063e-16,1.7021738105358903e-18
2004-06-30,0.3,4.141652298894627e-17,0.0,0.3,0.09999999999999978,3.707971429900425e-17,0.0,0.0,1.932048271369169e-16,0.3,1.717376241217039e-16,1.5178830414797062e-17
2004-07-31,0.29999999999999954,3.0639553394440355e-16,0.0,0.2999999999999998,0.10000000000000052,0.0,4.9873299934333204e-17,1.7137792261981556e-16,0.0,0.29999999999999977,0.0,3.0122186211802236e-16
2004-08-31,0.2904709578374211,0.0,2.278606837232874e-17,0.2999999999999991,0.10952904216257923,0.0,6.35520700577837e-17,5.226032698881463e-16,9.347605001838363e-17,0.3,0.0,1.5690187710878564e-16
2004-09-30,0.3,4.485313246761036e-16,0.0,0.3,0.09999999999999962,4.008397232028622e-17,5.499183070751206e-17,0.0,0.0,0.29999999999999977,2.4165362898910902e-17,0.0
2004-10-31,0.2999999999999999,0.0,9.059868341373823e-17,0.10299746363552692,0.29700253636447216,0.0,6.173661399263426e-16,3.3539170404154184e-16,3.065662803232363e-17,0.3,9.59086653107426e-17,1.622781222402082e-16
2004-11-30,0.2999999999999998,0.0,5.91169125752295e-16,0.09999999999999928,0.3,0.0,2.3578258692968185e-16,1.8381176082970093e-17,0.0,0.3,4.3007451349340907e-17,1.6456815664597703e-16
2004-12-31,0.3,1.5861381405362609e-16,4.3771075758439616e-17,0.1,0.3,0.0,0.0,0.0,8.138269637503613e-17,0.29999999999999993,0.0,0.0
2005-01-31,0.3,0.0,1.1051763710382741e-16,0.10000000000000013,0.29999999999999977,0.0,3.317139816263394e-18,0.0,1.1572005087998992e-16,0.3,5.74123408131969e-17,0.0
2005-02-28,0.2999999999999998,1.755383094187111e-17,3.021239910857632e-17,0.1000000000000006,0.2999999999999999,0.0,1.3552359766088877e-16,0.0,0.0,0.3,3.0006828262824697e-16,0.0
2005-03-31,0.3,4.3021142204224816e-16,0.0,6.0645932720149176e-15,0.3,0.0,0.0,0.10000000000000622,5.967448757360216e-16,0.3,0.0,0.0
2005-04-30,0.3,0.0,0.0,0.0,0.3,8.114486879111906e-17,0.0,0.09999999999999995,3.361696510677015e-16,0.29999999999999993,0.0,1.538477745049562e-17
2005-05-31,0.2999999999999999,0.0,0.0,4.926043889263573e-16,0.3,8.879131605405461e-17,2.982747632707358e-16,0.10000000000000034,3.057469441208639e-17,0.3,9.642331315935232e-18,5.5031069121247244e-17
2005-06-30,0.29999999999999966,0.0,4.031212447218922e-16,0.006256116130763573,0.3,5.721734385825243e-17,0.0,0.09374388386923677,2.0098528565614144e-16,0.29999999999999993,0.0,0.0
2005-07-31,0.3,0.0,0.0,1.2225371552566307e-16,0.3,2.785139673860902e-16,7.380614248060895e-16,0.1000000000000005,0.0,0.3,0.0,0.0
2005-08-31,0.2999999999999999,3.7609294518244265e-16,1.8784219465697607e-16,5.349612804709879e-17,0.2999999999999997,0.0,1.2762790870044676e-16,0.10000000149011568,6.418494002708089e-17,0.3,5.6982680508857e-17,0.0
2005-09-30,0.29999999999999877,1.022313300917817e-15,0.0,1.8531725117524747e-16,0.29999999999999993,0.0,1.966657706953151e-16,0.0999999985098837,4.793620785493483e-16,0.29999999999999993,0.0,7.165139362890296e-16
2005-10-31,0.3,0.0,0.0,7.992298331770886e-17,0.27116612726597517,0.0,4.742215590422368e-16,0.12883387273402508,0.0,0.29999999999999993,0.0,1.1736625734366552e-16
2005-11-30,0.3,0.0,0.0,5.638780392268408e-17,0.3,1.3935309167532744e-16,0.0,0.10000000000000005,3.97402930426773e-16,0.29999999999999993,0.0,4.512194168410578e-16
2005-12-31,0.3,1.5700982819209989e-16,2.555774749607004e-16,2.0464273320340729e-16,0.22775352096687335,0.0,0.0,0.17325766824485705,0.0,0.2989888107882693,1.5099499693392624e-17,5.425483458332151e-17
2006-01-31,0.3,0.0,0.0,0.0,0.2771095138867033,1.2845136462225823e-15,7.889492967485785e-17,0.3,0.0,0.12289048611329778,0.0,0.0
2006-02-28,0.29999999999999916,4.648972104655031e-16,1.5290063528603263e-15,0.0,0.2999999999999997,0.0,4.0882213356724007e-16,0.29999999999999977,3.24780184349221e-17,0.09999999999999926,5.596216616929763e-16,7.525171172300758e-17
2006-03-31,0.3,0.0,0.0,5.7592819402429996e-15,0.10000000000000482,0.0,0.0,0.3,0.0,0.3,0.0,0.0
2006-04-30,0.29999999999999954,1.3305837575745303e-16,1.9626630055094145e-17,0.0,0.3,6.48836879244995e-17,1.0638437642081774e-15,0.1000000000000003,0.0,0.3,4.677725868544065e-17,0.0
2006-05-31,0.3,0.0,0.0,3.427813588530171e-15,0.3,0.0,0.0,0.10000000000001173,0.0,0.3,0.0,0.0
2006-06-30,0.3,0.0,0.0,1.3572476476042539e-14,0.3,0.0,0.0,0.10000000000001782,0.0,0.3,0.0,0.0
2006-07-31,0.3,0.0,0.0,8.243405957841787e-15,0.3,0.0,0.0,0.1000000000000055,0.0,0.3,1.7763568394002505e-15,0.0
2006-08-31,0.3,1.507297748852662e-15,0.0,6.215509778095358e-16,0.29999999999999966,0.0,6.05357078356954e-17,0.09999999999999988,0.0,0.3,0.0,0.0
2006-09-30,0.2999999999999854,7.271960811294775e-15,7.827072323607354e-15,0.0,0.19904309213160443,2.4591439995447217e-14,1.3489209749195652e-14,0.20095690786837478,5.2735593669694936e-15,0.2999999999999823,1.2212453270876722e-15,4.440892098500626e-15
2006-10-31,0.2999999999999993,7.746538690744853e-16,1.6456177050519494e-15,0.29999999999999805,1.8596235662471372e-15,0.0,2.3345892733884986e-16,0.09999999999999906,3.2991847668535914e-16,0.29999999999999943,0.0,1.9266771077768985e-16
2006-11-30,0.29999999999999977,4.770865919348749e-16,0.0,0.09999999999999976,1.6814416790542809e-15,4.3804940649609896e-16,0.0,0.29999999999999977,0.0,0.29999999999999954,0.0,0.0
2006-12-31,0.3,0.0,4.386745045314955e-16,0.0,0.10000000000000005,4.539592436960063e-16,1.990638113314438e-16,0.3,1.7492045407680353e-16,0.3,0.0,9.805441500269621e-17
2007-01-31,0.29999999999999244,6.619704784327496e-15,1.4016565685892601e-15,0.0,0.2999999999999945,1.6389667401028873e-14,6.647460359943125e-15,0.0999999999999941,0.0,0.2999999999999923,0.0,2.2343238370581275e-15
2007-02-28,0.2999999999999848,6.231126725708691e-15,5.009881398621019e-15,0.0,0.2999999999999861,3.198830089701232e-14,1.5584755708175635e-14,0.09999999999999071,4.454769886308441e-15,0.29999999999997967,1.8457457784393227e-15,4.288236432614667e-15
2007-03-31,0.29999999999998955,9.534040223968532e-15,5.204170427930421e-15,0.0,0.29999999999999427,1.8415824420969784e-14,4.232725281383409e-15,0.099999999999989,7.632783294297951e-16,0.29999999999999144,0.0,1.1518563880486e-15
2007-04-30,0.3,0.0,1.6386566487017482e-16,2.9776430020393923e-16,0.29999999999999993,0.0,7.526183479713293e-16,0.10000000000000007,0.0,0.2999999999999998,3.1063387732575026e-16,0.0
2007-05-31,0.29999999999999977,0.0,0.0,0.0,0.3,1.8075574075960613e-16,0.0,0.09999999999999991,7.889617083911217e-16,0.29999999999999993,2.557551294771599e-16,0.0
2007-06-30,0.2999999999999998,2.0469737016526324e-16,0.0,2.402592014227878e-16,0.3,1.0070069778045365e-15,0.0,0.10000000000000113,1.8821749714348357e-16,0.3,0.0,0.0
2007-07-31,0.09999999999999871,1.192839230168552e-15,0.0,0.0,0.29999999999999993,0.0,1.8908485888147197e-15,0.3,0.0,0.3,0.0,0.0
2007-08-31,0.09999999999999794,0.0,4.195862407518902e-17,7.24247051220317e-16,0.3,2.8758462625178005e-16,3.627198368050255e-16,0.3,0.0,0.3,0.0,1.426267957904681e-16
2007-09-30,0.29999999999999993,0.0,3.5041414214731503e-16,0.0,0.0999999999999995,0.0,6.83481049534862e-16,0.3,0.0,0.2999999999999996,5.516420653606247e-16,1.0781306403195856e-15
2007-10-31,0.3,0.0,0.0,3.157196726277789e-16,0.10000000000000053,1.1622647289044608e-16,0.0,0.3,4.649058915617843e-16,0.2999999999999999,0.0,0.0
2007-11-30,0.3,0.0,0.0,3.4555691641457997e-15,0.100000000000005,0.0,0.0,0.3,0.0,0.3,0.0,0.0
2007-12-31,0.3,2.7755575615628914e-17,3.247402347028583e-15,0.0,0.09999999999999806,1.8041124150158794e-15,2.7755575615628914e-17,0.2999999999999987,1.304512053934559e-15,0.3,0.0,2.3037127760972e-15
2008-01-31,0.29999999999999843,0.0,4.760081218080359e-15,0.0,0.09999999999999501,3.5388358909926865e-15,1.429412144204889e-15,0.2999999999999976,1.3739009929736312e-15,0.29999999999999655,6.522560269672795e-16,1.3739009929736312e-15
2008-02-29,0.2999999999999958,1.0505485370515544e-14,7.507883204027621e-15,0.0,0.09999999999999432,2.914335439641036e-16,0.0,0.29999999999999755,0.0,0.29999999999999616,0.0,2.456368441983159e-15
2008-03-31,0.2999999999999987,2.706168622523819e-15,0.0,2.8449465006019636e-15,0.10000000000000162,0.0,4.163336342344337e-17,0.3,2.914335439641036e-16,0.3,0.0,0.0
2008-04-30,0.2999999999999942,5.245803791353865e-15,5.35682609381638e-15,1.5543122344752192e-15,0.09999999999999729,9.242606680004428e-15,3.608224830031759e-16,0.2999999999999944,0.0,0.2999999999999909,7.494005416219807e-16,2.6367796834847468e-15
2008-05-31,0.29999999999999954,0.0,1.2661946713038876e-15,0.0,0.2999999999999995,0.0,5.582165721122998e-16,0.0999999999999999,1.338536577292813e-16,0.2999999999999999,1.9627735582335588e-16,4.2131881685804356e-16
2008-06-30,0.3,0.0,2.674382897533566e-16,2.7732528422524094e-16,0.09999999999999931,1.940857378125089e-16,0.0,0.2999999999999997,1.3738726422077747e-16,0.2999999999999999,2.1319397366267413e-16,1.7223283739156941e-16
2008-07-31,0.3,0.0,0.0,1.8041124150158794e-16,0.1000000000000015,0.0,0.0,0.3,4.288236432614667e-15,0.3,0.0,1.8735013540549517e-15
2008-08-31,0.3,0.0,0.0,0.0,0.10000000000001528,0.0,3.7470027081099033e-16,0.3,3.2057689836051395e-15,0.3,0.0,4.85722573273506e-16
2008-09-30,0.2999999999999968,7.605027718682322e-15,5.495603971894525e-15,0.0,0.09999999999999931,4.052314039881821e-15,0.0,0.299999999999995,0.0,0.29999999999999527,7.771561172376096e-16,1.1102230246251565e-16
2008-10-31,0.3,0.0,0.0,0.0,0.10000000000001322,0.0,0.0,0.3,1.0963452368173421e-14,0.3,1.7486012637846216e-15,0.0
2008-11-30,0.3,0.0,0.0,0.0,0.10000000000001552,0.0,0.0,0.3,9.506284648352903e-15,0.3,0.0,0.0
2008-12-31,0.3,0.0,0.0,0.0,2.263467191454538e-14,0.0,4.649058915617843e-15,0.3,0.1000000000000269,0.3,2.095545958979983e-15,0.0
2009-01-31,0.3,0.0,0.0,0.0,5.3942961208974793e-14,0.0,3.594347042223944e-15,0.3,0.10000000000005167,0.3,4.427014310692812e-15,0.0
2009-02-28,0.2999999999999966,1.8221535391660382e-14,0.0,0.0,0.09999999999998888,1.790234627208065e-15,6.800116025829084e-16,0.2999999999999994,4.0245584642661925e-16,0.29999999999999943,0.0,9.575673587391975e-16
2009-03-31,0.3,0.0,0.0,0.0,1.021405182655144e-14,0.0,3.219646771412954e-15,0.3,0.100000000000013,0.3,0.0,0.0
2009-04-30,0.29999999999999777,8.701372955499664e-15,0.0,1.124100812432971e-15,4.163336342344337e-17,0.0,0.0,0.2999999999999992,0.09999999999999983,0.3,0.0,0.0
2009-05-31,0.3,0.0,0.0,4.85722573273506e-16,1.5126788710517758e-15,0.0,0.0,0.3,0.10000000000000128,0.3,0.0,0.0
2009-06-30,0.2999999999999995,7.313594174718219e-15,0.0,0.0,3.469446951953614e-16,5.093148125467906e-15,9.71445146547012e-17,0.2999999999999987,0.09999999999999587,0.29999999999999877,1.1518563880486e-15,0.0
2009-07-31,0.299999999999991,5.412337245047638e-15,1.529332216421153e-14,5.384581669432009e-15,0.0,6.300515664747763e-15,0.0,0.299999999999993,0.0999999999999921,0.2999999999999917,0.0,3.913536161803677e-15
2009-08-31,0.29999999999999505,0.0,1.086630785351872e-14,1.8041124150158794e-16,0.0,5.4262150328554526e-15,0.0,0.29999999999999927,0.09999999999999333,0.29999999999999866,0.0,8.187894806610529e-16
2009-09-30,0.29999999999998717,1.8332557694122897e-14,8.673617379884035e-15,3.427813588530171e-15,0.0,1.3003487175922146e-14,0.0,0.29999999999998594,0.09999999999999246,0.29999999999998467,0.0,1.061650767297806e-14
2009-10-31,0.2999999999999939,0.0,1.2836953722228372e-14,0.0,0.0,4.066191827689636e-15,0.0,0.29999999999999544,0.09999999999999784,0.2999999999999955,0.0,4.121702978920894e-15
2009-11-30,0.29999999999999877,8.049116928532385e-15,0.0,0.0,0.0,3.608224830031759e-15,0.0,0.3,0.09999999999999229,0.3,3.885780586188048e-16,1.6653345369377348e-15
2009-12-31,0.3,0.0,0.0,0.0,0.0,5.551115123125783e-17,1.6653345369377348e-16,0.3,0.10000000000000484,0.3,1.2490009027033011e-15,0.0
2010-01-31,0.29999999999999405,7.424616477180734e-15,7.0915495697931874e-15,0.0,0.0,6.980527267330672e-15,2.0816681711721685e-16,0.2999999999999935,0.09999999999999766,0.29999999999999155,0.0,5.4817261840867104e-15
2010-02-28,0.3,0.0,0.0,0.0,1.2351231148954867e-15,0.0,0.0,0.3,0.10000000000000245,0.3,2.4841240175987878e-15,0.0
2010-03-31,0.2999999999999963,6.161737786669619e-15,4.052314039881821e-15,1.970645868709653e-15,0.0,2.831068712794149e-15,1.1102230246251565e-16,0.29999999999999644,0.09999999999999584,0.2999999999999965,0.0,2.220446049250313e-15
2010-04-30,0.3,0.0,0.0,4.579669976578771e-16,0.0,0.0,0.0,0.3,0.09999999999999867,0.3,1.249000902703301e-16,0.0
2010-05-31,0.29999999999999954,1.124100812432971e-15,1.0130785099704553e-15,0.0,0.0,7.91033905045424e-16,4.0245584642661925e-16,0.2999999999999985,0.09999999999999928,0.2999999999999982,4.0245584642661925e-16,1.4016565685892601e-15
2010-06-30,0.29999999999999905,1.9012569296705806e-15,2.2343238370581275e-15,0.0,5.967448757360216e-16,3.469446951953614e-16,0.0,0.29999999999999905,0.09999999999999845,0.29999999999999866,0.0,6.245004513516506e-16
2010-07-31,0.29999999999999993,1.1934897514720433e-15,0.0,1.1102230246251565e-16,0.0,1.942890293094024e-16,0.0,0.3,0.0999999999999982,0.3,0.0,0.0
2010-08-31,0.3,7.077671781985373e-16,0.0,0.0,0.0,2.636779683484747e-16,1.5265566588595902e-16,0.2999999999999999,0.09999999999999877,0.2999999999999998,5.412337245047638e-16,2.0816681711721685e-16
2010-09-30,0.3,0.0,0.0,7.077671781985373e-16,4.579669976578771e-16,0.0,4.579669976578771e-16,0.3,0.09999999999999945,0.3,0.0,0.0
2010-10-31,0.29999999999999866,4.676814491233472e-15,1.457167719820518e-15,0.0,0.0,1.790234627208065e-15,0.0,0.29999999999999727,0.09999999999999847,0.2999999999999973,7.355227538141662e-16,1.8457457784393227e-15
2010-11-30,0.3,0.0,0.0,0.0,6.938893903907228e-17,0.0,2.3592239273284576e-16,0.3,0.10000000000000002,0.3,0.0,0.0
2010-12-31,0.3,0.0,0.0,9.298117831235686e-16,6.245004513516506e-16,0.0,2.914335439641036e-16,0.3,0.10000000000000096,0.3,0.0,0.0
2011-01-31,0.2999999999999986,2.67841304690819e-15,1.2351231148954867e-15,0.0,0.0,5.689893001203927e-16,0.0,0.29999999999999827,0.09999999999999967,0.2999999999999989,4.0245584642661925e-16,2.914335439641036e-16
2011-02-28,0.3,0.0,0.0,0.0,1.1102230246251565e-16,0.0,1.6653345369377348e-16,0.3,0.0999999999999994,0.3,0.0,0.0
2011-03-31,0.2999999999999999,0.0,1.0685896612017132e-15,0.0,4.3021142204224816e-16,0.0,0.0,0.29999999999999977,0.09999999999999835,0.29999999999999993,1.8041124150158794e-16,7.91033905045424e-16
2011-04-30,0.3,0.0,0.0,1.1518563880486e-15,3.191891195797325e-16,2.0816681711721685e-16,2.3592239273284576e-16,0.3,0.10000000000000059,0.3,0.0,0.0
2011-05-31,0.3,0.0,0.0,0.0,9.298117831235686e-16,0.0,2.3592239273284576e-16,0.3,0.09999999999999985,0.3,0.0,0.0
2011-06-30,0.3,0.0,0.0,1.6653345369377348e-16,2.220446049250313e-16,0.0,0.0,0.3,0.09999999999999992,0.3,0.0,1.942890293094024e-16
2011-07-31,0.3,7.91033905045424e-16,0.0,3.191891195797325e-16,0.0,1.3877787807814457e-17,0.0,0.2999999999999996,0.10000000000000069,0.29999999999999943,0.0,0.0
2011-08-31,0.29999999999999927,3.0531133177191805e-15,1.3877787807814457e-15,1.3877787807814457e-16,0.0,5.551115123125783e-17,0.0,0.29999999999999855,0.09999999999999934,0.2999999999999986,0.0,1.1102230246251565e-16
2011-09-30,0.3,0.0,0.0,0.0,7.355227538141662e-16,0.0,0.0,0.3,0.09999999999999973,0.3,0.0,0.0
2011-10-31,0.3,0.0,0.0,7.077671781985373e-16,7.91033905045424e-16,0.0,1.249000902703301e-16,0.3,0.09999999999999963,0.3,0.0,0.0
2011-11-30,0.29999999999999905,3.885780586188048e-15,2.220446049250313e-15,8.049116928532385e-16,0.0,2.220446049250313e-16,0.0,0.29999999999999816,0.09999999999999734,0.299999999999998,7.216449660063518e-16,7.216449660063518e-16
2011-12-31,0.3,0.0,0.0,0.0,1.096345236817342e-15,0.0,7.077671781985373e-16,0.3,0.09999999999999987,0.3,0.0,0.0
2012-01-31,0.3,0.0,0.0,4.163336342344337e-17,1.3877787807814457e-17,1.249000902703301e-16,3.7470027081099033e-16,0.3,0.09999999999999995,0.3,1.8041124150158794e-16,0.0
2012-02-29,0.3,0.0,7.077671781985373e-16,5.689893001203927e-16,3.191891195797325e-16,0.0,2.0816681711721685e-16,0.3,0.09999999999999931,0.3,0.0,0.0
2012-03-31,0.3,0.0,0.0,6.800116025829084e-16,0.0,0.0,0.0,0.3,0.1000000000000016,0.3,1.5265566588595902e-16,0.0
2012-04-30,0.3,8.743006318923108e-16,0.0,9.71445146547012e-17,6.938893903907228e-17,0.0,2.3592239273284576e-16,0.3,0.09999999999999992,0.3,0.0,0.0
2012-05-31,0.2999999999999998,1.1796119636642288e-15,2.1788126858268697e-15,9.71445146547012e-17,0.0,6.938893903907228e-17,0.0,0.2999999999999989,0.09999999999999784,0.2999999999999995,3.469446951953614e-16,5.689893001203927e-16
2012-06-30,0.29999999999999977,0.0,8.326672684688674e-16,0.0,0.0,7.216449660063518e-16,6.661338147750939e-16,0.3,0.09999999999999867,0.2999999999999998,3.3306690738754696e-16,0.0
2012-07-31,0.3,0.0,0.0,9.298117831235686e-16,0.0,0.0,4.163336342344337e-17,0.3,0.10000000000000134,0.3,0.0,0.0
2012-08-31,0.3,1.2073675392798577e-15,4.3021142204224816e-16,0.0,0.0,6.522560269672795e-16,9.71445146547012e-17,0.3,0.09999999999999798,0.3,0.0,0.0
2012-09-30,0.29999999999999866,3.344546861683284e-15,3.4555691641457997e-15,0.0,0.0,1.3877787807814457e-17,0.0,0.2999999999999988,0.09999999999999747,0.29999999999999855,5.134781488891349e-16,6.245004513516506e-16
2012-10-31,0.3,0.0,0.0,0.0,2.914335439641036e-16,3.7470027081099033e-16,3.191891195797325e-16,0.3,0.09999999999999988,0.3,3.191891195797325e-16,0.0
2012-11-30,0.299999999999999,2.3175905639050143e-15,1.5404344466674047e-15,0.0,0.0,8.743006318923108e-16,2.0816681711721685e-16,0.2999999999999987,0.09999999999999837,0.2999999999999991,4.85722573273506e-16,3.7470027081099033e-16
2012-12-31,0.2999999999999978,2.942091015256665e-15,1.4988010832439613e-15,2.7755575615628914e-17,0.0,2.0539125955565396e-15,0.0,0.29999999999999843,0.09999999999999834,0.29999999999999827,7.771561172376096e-16,1.1102230246251565e-15
2013-01-31,0.2999999999999985,1.096345236817342e-15,7.632783294297951e-16,6.800116025829084e-16,6.522560269672795e-16,9.853229343548264e-16,1.249000902703301e-16,0.2999999999999988,0.09999999999999822,0.299999999999999,5.967448757360216e-16,5.967448757360216e-16
2013-02-28,0.3,0.0,0.0,0.0,4.996003610813204e-16,0.0,4.718447854656915e-16,0.3,0.10000000000000017,0.3,0.0,0.0
2013-03-31,0.3,2.7755575615628914e-17,0.0,0.0,3.608224830031759e-16,0.0,0.0,0.3,0.10000000000000159,0.3,0.0,0.0
2013-04-30,0.3,0.0,0.0,1.4849232954361469e-15,8.187894806610529e-16,0.0,4.0245584642661925e-16,0.3,0.10000000000000075,0.3,9.71445146547012e-17,0.0
2013-05-31,0.3,7.632783294297951e-16,1.9845236565174673e-15,0.0,0.0,4.163336342344337e-17,0.0,0.2999999999999995,0.09999999999999887,0.29999999999999966,1.5265566588595902e-16,0.0
2013-06-30,0.3,2.5951463200613034e-15,1.3739009929736312e-15,0.0,0.0,0.0,1.5265566588595902e-16,0.29999999999999954,0.09999999999999837,0.29999999999999993,0.0,0.0
2013-07-31,0.3,0.0,0.0,6.245004513516506e-16,2.0816681711721685e-16,3.7470027081099033e-16,4.579669976578771e-16,0.3,0.0999999999999997,0.3,0.0,0.0
2013-08-31,0.2999999999999999,2.067790383364354e-15,1.734723475976807e-15,0.0,0.0,3.469446951953614e-16,0.0,0.2999999999999999,0.09999999999999735,0.2999999999999995,0.0,6.800116025829084e-16
2013-09-30,0.2999999999999998,1.6237011735142914e-15,6.245004513516506e-16,0.0,0.0,0.0,0.0,0.2999999999999999,0.09999999999999917,0.2999999999999997,3.469446951953614e-16,0.0
2013-10-31,0.3,0.0,0.0,0.0,4.0245584642661925e-16,1.249000902703301e-16,1.8041124150158794e-16,0.3,0.09999999999999995,0.3,1.249000902703301e-16,0.0
2013-11-30,0.3,0.0,0.0,0.0,3.191891195797325e-16,0.0,0.0,0.3,0.10000000000000106,0.3,0.0,0.0
2013-12-31,0.3,9.71445146547012e-17,0.0,3.469446951953614e-16,0.0,0.0,0.0,0.3,0.1,0.2999999999999999,1.5265566588595902e-16,0.0
2014-01-31,0.29999999999999843,4.191091917959966e-15,3.4139358007223564e-15,4.996003610813204e-16,0.0,5.273559366969494e-16,0.0,0.2999999999999949,0.09999999999999754,0.29999999999999816,1.4710455076283324e-15,1.915134717478395e-15
2014-02-28,0.2999999999999982,7.0360384185619296e-15,4.163336342344337e-17,0.0,0.0,0.0,0.0,0.29999999999999777,0.09999999999999826,0.2999999999999977,1.3183898417423734e-15,1.3183898417423734e-15
2014-03-31,0.3,0.0,0.0,0.0,4.579669976578771e-16,0.0,1.2906342661267445e-15,0.3,0.10000000000000224,0.3,0.0,0.0
2014-04-30,0.2999999999999999,0.0,0.0,4.2231412067265844e-16,0.0,0.0,0.0,0.3,0.10000000000000052,0.2999999999999996,1.6351971376491713e-16,1.6022787735504208e-16
2014-05-31,0.2999999999999994,3.733124920302089e-15,0.0,1.1518563880486e-15,0.0,5.134781488891349e-16,0.0,0.29999999999999843,0.0999999999999978,0.2999999999999994,1.249000902703301e-16,4.579669976578771e-16
2014-06-30,0.2999999999999996,2.2343238370581275e-15,1.3461454173580023e-15,0.0,0.0,5.689893001203927e-16,0.0,0.3,0.09999999999999695,0.3,0.0,5.134781488891349e-16
2014-07-31,0.3,0.0,0.0,0.0,2.636779683484747e-16,0.0,6.938893903907228e-17,0.3,0.10000000000000024,0.2999999999999999,1.249000902703301e-16,0.0
2014-08-31,0.3,1.2351231148954867e-15,0.0,7.632783294297951e-16,3.469446951953614e-16,0.0,2.636779683484747e-16,0.2999999999999995,0.0999999999999992,0.2999999999999999,1.8041124150158794e-16,0.0
2014-09-30,0.2999999999999998,0.0,1.367547379711338e-16,0.0,0.0,4.1484890132235267e-16,1.491862189340054e-16,0.2999999999999998,0.1000000000000004,0.2999999999999999,2.5424500335284606e-16,1.9991390256780325e-16
2014-10-31,0.2999999999999994,3.2890357104520263e-15,0.0,8.187894806610529e-16,0.0,0.0,0.0,0.3,0.09999999999999755,0.29999999999999954,0.0,1.249000902703301e-16
2014-11-30,0.3,0.0,0.0,9.881474268045582e-17,0.0,5.4616839934883886e-17,0.0,0.2999999999999999,0.1000000000000006,0.3,8.324284186728692e-18,7.44482935952368e-18
2014-12-31,0.29999999999999943,3.312257815370319e-16,2.9299961678379644e-16,0.0,5.577514454369215e-16,6.196998763525719e-17,0.09999999999999935,0.29999999999999977,4.354155924701786e-16,0.29999999999999977,0.0,0.0
2015-01-31,0.29999999999999977,4.1718100821081566e-16,0.0,0.0,5.030698080332741e-16,0.0,0.10000000000000023,0.2999999999999997,0.0,0.3,0.0,0.0
2015-02-28,0.3,4.123015502999808e-16,0.0,0.0,8.20957885006024e-16,0.0,0.09999999999999978,0.3,0.0,0.3,0.0,0.0
2015-03-31,0.3,0.0,0.0,7.365782792650503e-17,0.0,1.3472488407321644e-16,0.10000000000000023,0.2999999999999998,6.938893903907228e-17,0.3,2.956466393581365e-16,0.0
2015-04-30,0.3,5.651900139967435e-16,0.0,2.901836930952397e-17,4.845043902900372e-16,0.0,0.09999999999999928,0.3,4.440892098500626e-16,0.3,0.0,0.0
2015-05-31,0.3,6.04072248508263e-16,0.0,0.0,1.9717663141324266e-16,3.3851450088506997e-17,0.10000000000000003,0.29999999999999993,0.0,0.3,0.0,0.0
2015-06-30,0.3,2.0416817752457586e-16,0.0,1.2913935767277506e-16,0.0,0.0,0.10000000000000012,0.29999999999999966,6.938893903907228e-17,0.3,0.0,0.0
2015-07-31,0.3,0.0,1.6445606143910459e-16,2.5771272780654036e-16,0.0,2.6929886276198417e-16,0.09999999999999967,0.2999999999999999,1.196959198423997e-16,0.2999999999999997,4.2080699942123265e-16,0.0
2015-08-31,0.29999999999999993,6.927634268690493e-16,0.0,0.0,2.87838333743787e-16,0.0,0.0,0.3,0.09999999999999964,0.2999999999999999,0.0,1.914964599126208e-18
2015-09-30,0.3,0.0,0.0,0.0,1.1208684284701206e-16,5.2605929785847904e-17,0.10000000000000002,0.3,1.3010426069826053e-16,0.3,0.0,2.8281817651470433e-17
2015-10-31,0.2999999999999998,0.0,6.378977311482119e-16,8.890294852529182e-17,0.0,0.0,5.572799166575493e-16,0.3,0.09999999999999949,0.2999999999999997,3.0130424157378807e-16,0.0
2015-11-30,0.3,0.0,2.983009834203636e-17,4.179054749193026e-16,0.0,0.0,1.8269315808374897e-16,0.2999999999999998,0.2999999999999998,0.09999999999999981,1.228143196623012e-16,1.9697062532589736e-16
2015-12-31,0.3,0.0,2.308585826721894e-16,5.2282421790020936e-17,0.0,0.0,0.0,0.2999999999999998,0.3,0.10000000000000057,2.0872808044379667e-17,1.0007203999533576e-16
2016-01-31,0.3,0.0,0.0,0.0,0.0,0.0,0.0,0.3,0.3,0.10000000000000005,1.5007802548503056e-16,0.0
2016-02-29,0.3,1.5769370994144357e-16,0.0,0.0,0.0,0.0,0.1000000000000005,0.2999999999999998,0.29999999999999993,0.0,2.7066452117850157e-17,0.0
2016-03-31,0.3,3.3537972165434135e-16,0.0,9.236198178078548e-17,0.0,3.329569510196054e-16,0.09999999999999969,0.3,0.2999999999999999,0.0,0.0,0.0
2016-04-30,0.3,0.0,1.726996936346949e-16,3.863258233532419e-16,0.0,0.0,0.10000000000000056,0.2999999999999997,0.2999999999999996,0.0,1.9811606176239008e-16,4.382910185711249e-17
2016-05-31,0.29999999999999993,0.0,3.4471656244202147e-16,0.0,8.074148415582105e-17,2.03201249551444e-17,0.10000000000000031,0.2999999999999999,0.29999999999999993,0.0,0.0,0.0
2016-06-30,0.3,2.316580934679796e-16,0.0,0.0,0.0,0.0,0.09999999999999973,0.3,0.2999999999999998,1.0436425372769768e-16,1.5494336812488603e-16,3.1868325728097477e-17
2016-07-31,0.3,2.2778469253892996e-16,0.0,0.0,0.0,0.0,0.10000000000000006,0.29999999999999993,0.3,0.0,2.5063171973010626e-16,1.194152177078547e-16
2016-08-31,0.29999999999999977,0.0,0.0,0.0,1.7525017114477646e-16,2.0860020856063408e-16,0.10000000000000002,0.3,0.3,0.0,6.339736450899082e-17,0.0
2016-09-30,0.2999999999999999,1.66040020705017e-16,5.3519585616187e-17,3.063607008398055e-16,0.0,0.0,0.10000000000000071,0.3,0.29999999999999943,0.0,7.591938014344765e-17,2.2351611217524957e-16
2016-10-31,0.2999999999999998,1.949528538859951e-16,3.868930933903769e-17,3.611872744872333e-16,1.3410263608633776e-16,1.9221475153041457e-17,0.2999999999999998,0.2999999999999998,0.09999999999999978,1.8183062121285552e-17,0.0,0.0
2016-11-30,0.2999999999999999,2.9242764241763726e-17,1.4929002314243388e-16,0.0,3.826447814366791e-17,0.0,0.3,0.3,0.09999999999999992,0.0,7.234094517156419e-17,0.0
2016-12-31,0.3,0.0,0.0,2.775450412067065e-16,0.0,4.325269447196645e-17,0.10000000000000019,0.3,0.2999999999999998,0.0,0.0,0.0
2017-01-31,0.2999999999999999,0.0,1.5089885292969205e-16,0.09999999999999999,1.0560957906527982e-16,1.4664643019148462e-16,0.0,0.29999999999999993,0.3,5.4752355247553553e-17,4.219684816676691e-17,1.185598743236147e-16
2017-02-28,0.3,7.149084110039439e-17,0.0,0.09999999999999992,1.0747747593678387e-16,0.0,1.8518077634656727e-16,0.3,0.3,0.0,0.0,4.415696908558868e-18
2017-03-31,0.3,0.0,0.0,0.10000000000000059,0.0,4.620077592610382e-17,0.0,0.3,0.3,0.0,9.409451408179712e-17,0.0
2017-04-30,0.3,0.0,2.897685284130427e-16,0.29999999999999993,7.399763382045346e-18,6.501983893557413e-17,0.0,0.3,0.10000000000000013,0.0,1.2215880771283757e-16,1.951236608256754e-17
2017-05-31,0.2999999999999999,4.933186235972934e-16,0.0,0.10000000000000026,1.5716152832700223e-16,0.0,0.0,0.29999999999999954,0.2999999999999999,0.0,3.045072846454522e-17,3.317242293623309e-17
2017-06-30,0.3,3.092738797371691e-17,0.0,0.0999999999999998,0.0,0.0,1.0148132334464322e-16,0.3,0.3,1.24729929722482e-16,1.0510424262446369e-16,0.0
2017-07-31,0.29999999999999993,1.4681833478770456e-16,0.0,0.2922294685002126,0.0,1.2077308165062991e-16,0.0,0.29999999999999993,0.10777053149978753,0.0,0.0,1.2366846175366087e-16
2017-08-31,0.3,1.7323489699014496e-16,1.5069357640054812e-16,0.3,3.944377604279991e-17,0.0,9.35731740299905e-17,0.29999999999999993,0.09999999999999964,0.0,0.0,0.0
2017-09-30,0.3,6.510396794169467e-17,0.0,0.3,0.0,8.761252646854367e-17,0.0,0.2999999999999999,0.1000000000000001,6.741260545040902e-17,8.287829723522684e-18,1.149529227329587e-17
2017-10-31,0.29999999999999993,0.0,0.0,0.15683864051960636,1.6122907361784332e-16,0.0,0.0,0.3,0.2431613594803939,1.872271230632703e-16,6.38750485461857e-17,0.0
2017-11-30,0.3,9.067216482499861e-17,8.690826719250666e-17,0.09999999999999976,0.0,0.0,0.29999999999999993,0.3,0.0,0.0,7.087921862218624e-17,8.145762994240748e-18
2017-12-31,0.3,0.0,2.493796823735953e-16,0.10000000000000125,0.0,8.429266851696187e-17,0.2999999999999999,0.2999999999999998,0.0,0.0,2.9086575128320905e-17,0.0
2018-01-31,0.3,0.0,0.0,0.10000000000000053,2.386713782255797e-16,0.0,0.3,0.2999999999999999,0.0,4.04936075598904e-17,3.12508186606933e-16,0.0
2018-02-28,0.2999999999999998,0.0,1.0342139390248925e-16,0.10000000000000023,2.0816681711721685e-17,3.3370429617925824e-17,0.29999999999999993,0.2999999999999999,0.0,8.409907293810566e-17,0.0,5.082003071881082e-17
2018-03-31,0.2999999999999999,0.0,0.0,0.08521575035352104,0.014784249646478917,0.0,0.3,0.3,1.578827811046111e-17,0.0,7.953457195963422e-17,0.0
2018-04-30,0.3,8.903123603688888e-17,0.0,0.09999999999999996,3.400058012914542e-16,2.232006888492903e-16,0.29999999999999977,0.29999999999999977,0.0,1.2962891783079532e-17,0.0,1.1078891304777926e-16
2018-05-31,0.2999999999999998,5.351964564111682e-17,3.1041714951535427e-16,0.09999999999999981,5.134781488891349e-16,0.0,0.2999999999999995,0.2999999999999997,2.5983335451190667e-18,2.036142322228138e-17,8.69028689924847e-17,9.672064237225835e-17
2018-06-30,0.3,0.0,0.0,0.0,0.1000000000000002,0.0,0.3,0.3,0.0,6.050433084810011e-17,1.49899466319701e-16,0.0
2018-07-31,0.3,0.0,2.361028949913624e-16,1.0408340855860843e-16,0.0999999999999999,2.5841485803957785e-17,0.2999999999999998,0.3,1.5305442596328738e-18,2.941734132046782e-17,0.0,0.0
2018-08-31,0.3,0.0,1.8736356227984273e-17,0.04575724245214436,0.05424275754785611,2.966179401494889e-17,0.2999999999999996,0.3,0.0,9.628523244339371e-17,0.0,6.499247575951143e-17
2018-09-30,0.2999999999999999,3.056929074898406e-17,0.0,0.08368514850954212,0.016314851490458776,0.0,0.29999999999999966,0.2999999999999999,1.2540452982703473e-16,0.0,3.8048986074462216e-17,2.0245618057782823e-17
2018-10-31,0.3,0.0,1.4662535428209548e-16,0.07616067175020644,0.023839328249794046,1.207450803969179e-16,0.29999999999999977,0.29999999999999954,0.0,7.256951818594328e-17,0.0,0.0
2018-11-30,0.3,1.6653345369377348e-16,0.0,8.326672684688674e-17,0.10000000000000012,0.0,0.3,0.2999999999999995,5.551115123125783e-17,5.551115123125783e-17,0.0,1.6653345369377348e-16
2018-12-31,0.2999999999999997,2.2065682614424986e-15,0.0,0.0,0.09999999999999913,0.0,0.3,0.29999999999999943,1.3877787807814457e-17,0.0,2.0816681711721685e-16,0.0
2019-01-31,0.3,0.0,5.773823794706854e-17,1.891910311362769e-17,0.0999999999999995,1.7055250125272726e-16,0.3,0.3,0.0,5.475330362909173e-17,6.665077723344673e-17,0.0
2019-02-28,0.29999999999999993,4.760761011085424e-16,1.1735131618268426e-16,0.0,0.10000000000000016,0.0,0.29999999999999993,0.29999999999999993,8.532853501612566e-17,0.0,5.645304178182089e-17,0.0
2019-03-31,0.2999999999999998,1.4994076543642358e-16,3.3761666577145894e-16,0.0,0.10000000000000023,2.3125162396096035e-16,0.3,0.2999999999999998,0.0,0.0,0.0,0.0
2019-04-30,0.3,1.082933110421565e-17,1.0700121707777003e-16,0.0,0.10000000000000013,0.0,0.3,0.29999999999999993,0.0,0.0,1.4458344986291244e-16,2.5255561522452737e-17
2019-05-31,0.29999999999999993,4.729642664962377e-16,0.0,0.0,0.10000000000000005,0.0,0.3,0.2999999999999996,8.295153102428929e-17,2.1601183451424393e-16,1.609290448950423e-16,0.0
2019-06-30,0.3,0.0,0.0,1.5224361421327264e-16,0.10000000000000049,0.0,0.3,0.3,4.554600113161902e-17,0.0,0.0,0.0
2019-07-31,0.3,8.604228440844963e-16,0.0,0.0,0.10000000000000074,1.942890293094024e-16,0.2999999999999999,0.2999999999999993,0.0,0.0,0.0,2.498001805406602e-16
2019-08-31,0.29999999999999943,1.3183898417423734e-15,5.412337245047638e-16,0.0,0.10000000000000023,0.0,0.3,0.2999999999999987,0.0,0.0,1.5265566588595902e-16,4.163336342344337e-17
2019-09-30,0.29999999999999977,1.5265566588595902e-16,7.077671781985373e-16,0.0,0.09999999999999959,4.163336342344337e-17,0.2999999999999997,0.3,1.3877787807814457e-17,4.163336342344337e-17,0.0,9.71445146547012e-17
2019-10-31,0.29999999999999993,0.0,7.003629142412894e-18,2.1399664647072445e-16,0.10000000000000005,0.0,0.2999999999999999,0.29999999999999993,0.0,6.440212293304531e-17,0.0,1.2319004103675949e-16
2019-11-30,0.3,2.679546563138815e-16,0.0,1.0091750640030453e-16,0.09999999999999991,2.0927752517066522e-16,0.3,0.2999999999999998,0.0,8.812998573133684e-17,0.0,6.540050033256947e-17
2019-12-31,0.3,0.0,8.582629088452747e-17,0.0,0.10000000000000024,3.606924080582267e-17,0.3,0.29999999999999993,0.0,3.9885968865757885e-17,0.0,4.6685490037815267e-17
2020-01-31,0.2999999999999999,4.192537570686241e-17,2.0020714001537283e-16,0.0,0.10000000000000009,6.66245157009206e-17,0.29999999999999993,0.3,0.0,0.0,0.0,4.4684879050394396e-17
2020-02-29,0.3,5.879123460579624e-17,0.0,0.0,0.09999999999999996,1.2878796212605345e-16,0.2999999999999999,0.29999999999999993,0.0,0.0,1.5269621286435413e-16,1.9783354606601094e-16
2020-03-31,0.29999999999999993,1.7529386390104914e-16,0.0,4.258056371275222e-17,0.09999999999999956,4.661671419566993e-16,0.29999999999999993,0.29999999999999993,0.0,5.81983703140409e-17,0.0,0.0
2020-04-30,0.2999999999999999,0.0,4.1634663392922256e-17,0.0,0.10000000000000023,3.377913350409251e-16,0.2999999999999999,0.2999999999999996,8.362999741546797e-17,0.0,4.105913613023487e-17,2.752000408297725e-16
2020-05-31,0.29999999999999977,9.43689570931383e-16,1.6653345369377348e-16,4.440892098500626e-16,0.10000000000000088,0.0,0.29999999999999977,0.29999999999999744,0.0,0.0,1.1102230246251565e-15,1.3877787807814457e-16
2020-06-30,0.2999999999999998,4.341703383456687e-16,0.0,0.0,0.09999999999999949,5.824173890983024e-16,0.3,0.29999999999999993,0.0,3.2184169984026776e-18,4.085776823554156e-16,0.0
2020-07-31,0.3,0.0,3.3569980163561804e-17,3.49279539676096e-16,0.10000000000000055,0.0,0.3,0.3,0.0,0.0,0.0,0.0
2020-08-31,0.3,0.0,0.0,2.3592468191247517e-16,0.09999999999999959,0.0,0.3,0.2999999999999998,5.709366773839585e-17,0.0,6.8915508270122e-17,9.65208776980511e-17
2020-09-30,0.3,3.5618001400532075e-16,0.0,9.379099137604963e-17,0.0,0.0,0.29999999999999993,0.2999999999999998,0.0,0.10000000000000035,0.0,0.0
2020-10-31,0.3,0.0,0.0,0.0,1.717376241217039e-16,0.0,0.29999999999999993,0.3,0.0,0.10000000000000031,2.6399037990560176e-17,1.3701026330797494e-16
2020-11-30,0.2999999999999998,0.0,4.617610093571496e-16,5.250501163971296e-16,0.0,0.0,0.2999999999999999,0.3,1.2681365361085176e-16,0.09999999999999978,2.2775869383927023e-17,2.5975250052976938e-17
2020-12-31,0.3,0.0,4.825101460051853e-17,0.0,0.10000000000000005,0.0,0.29999999999999943,0.2999999999999998,0.0,1.0096090630185017e-15,0.0,0.0
2021-01-31,0.29999999999999993,3.18842400158571e-17,9.463245989989604e-17,0.0,0.09999999999999985,2.853162524471996e-16,0.3,0.2999999999999998,1.4823893576413324e-16,1.3877787807814457e-17,8.825102977780873e-17,9.753109349449227e-17
2021-02-28,0.3,3.5381382462024007e-16,0.0,3.7767688570473826e-17,0.10000000000000027,0.0,0.3,0.2999999999999999,0.0,2.1510571102112408e-16,1.2383091691049539e-17,0.0
2021-03-31,0.29999999999999977,1.6841692733051781e-16,2.548608058238964e-18,2.282851077655474e-17,0.0,1.7747898849425404e-16,0.09999999999999981,0.3,0.0,0.3,0.0,0.0
2021-04-30,0.3,0.0,1.1195161437379465e-16,4.488291301330618e-16,0.0,0.0,0.10000000000000012,0.2999999999999998,0.0,0.3,1.3554483434646125e-16,1.782992718349585e-16
2021-05-31,0.29999999999999993,4.629487975197563e-16,0.0,0.0,1.6311979741921145e-15,4.018395119911785e-16,0.09999999999999967,0.29999999999999977,2.3900598082407644e-17,0.29999999999999855,0.0,7.53396620956835e-17
2021-06-30,0.3,2.2272312714634875e-16,0.0,0.0,0.0,5.797890427854257e-17,0.10000000000000059,0.3,2.8696634914914836e-17,0.3,0.0,0.0
2021-07-31,0.3,4.647268393700132e-16,0.0,5.785506578974264e-17,0.0648653941208833,2.5939305790043726e-17,0.3,0.29999999999999993,4.8977482138627596e-17,0.03513460587911686,0.0,0.0
2021-08-31,0.3,0.0,2.851052411048108e-16,3.691926058085425e-17,0.09999999999999995,0.0,0.29999999999999993,0.3,0.0,4.85722573273506e-17,1.2041749873216405e-17,0.0
2021-09-30,0.29999999999999954,0.0,7.488144278266072e-16,2.9338899873427293e-16,0.09999999999999963,3.0736856305456115e-16,0.2999999999999994,0.29999999999999954,3.348971713285062e-16,4.499439015814843e-16,7.91860320014292e-17,1.0666529188768249e-16
2021-10-31,0.3,0.0,3.039767474619241e-17,0.0,0.10000000000000012,0.0,0.2999999999999978,0.29999999999999977,0.0,2.037604854514541e-15,1.0565894909302964e-16,0.0
2021-11-30,0.2999999999999999,8.977193988179977e-17,0.0,0.0,7.632783294297951e-17,3.122502256758253e-17,0.3,0.3,5.724587470723463e-17,0.10000000000000013,1.3444106938820255e-17,6.331740687315346e-17
2021-12-31,0.3,6.418476861114186e-16,0.0,0.0,1.5265566588595902e-16,0.0,0.3,0.29999999999999905,1.7954387976359953e-16,0.10000000000000024,0.0,0.0
2022-01-31,0.3,1.6263032587282567e-16,0.0,2.1250362580715887e-17,3.9898639947466563e-17,1.0408340855860843e-16,0.3,0.29999999999999993,0.0,0.10000000000000006,0.0,1.0755285551056204e-16
2022-02-28,0.3,1.4019805773450088e-16,1.1403368500917793e-16,2.797057335410585e-18,0.0,1.280464453914402e-16,0.3,0.3,0.0,0.09999999999999978,1.6899642401321038e-16,0.0
2022-03-31,0.3,2.950424747578904e-16,0.0,0.0,1.5785983631388945e-16,7.846745276719307e-17,0.3,0.2999999999999999,7.532769888351843e-17,0.09999999999999998,1.5787437561849246e-16,0.0
2022-04-30,0.29999999999999966,0.0,1.9147776316236774e-16,0.0,1.454999315475547e-16,3.411331947145011e-16,0.2999999999999999,0.3,0.0,0.0999999999999997,8.106459164196405e-17,1.708275245681685e-16
2022-05-31,0.3,3.0719428590829813e-16,0.0,0.0,0.10000000000000021,0.0,0.29999999999999993,0.3,2.0442150764276642e-16,5.442694905877232e-17,0.0,0.0
2022-06-30,0.3,0.0,0.0,0.0,0.10000000000000009,6.089866526430054e-17,0.29999999999999993,0.2999999999999996,9.75358043202433e-17,0.0,2.6807491428571405e-16,0.0
2022-07-31,0.3,5.482024933109488e-16,0.0,0.0,0.0,7.796023328202502e-18,0.3,0.2999999999999999,5.34708481970101e-16,0.09999999999999966,1.0816583340917307e-16,0.0
2022-08-31,0.3,0.0,5.0976156455983015e-17,0.0,2.7755575615628914e-16,7.975403119878264e-17,0.3,0.3,0.0,0.10000000000000009,3.0935162942872674e-17,2.371555435212473e-16
2022-09-30,0.3,9.321516265314757e-16,0.0,0.0,5.30825383648903e-16,1.6117094507850234e-17,0.2999999999999996,0.3,0.0,0.10000000000000045,0.0,2.1809686197847667e-16
2022-10-31,0.2999999999999996,2.729990317144086e-16,0.0,0.0,2.009349823435317e-16,7.175967631148647e-17,0.10000000000000243,0.2999999999999999,1.9297202928173168e-16,0.29999999999999793,9.15043950240856e-17,0.0
2022-11-30,0.3,0.0,0.0,6.592894449554958e-16,2.5604518505417673e-15,0.0,0.09999999999999755,0.3,0.0,0.3,1.2312303635064064e-17,0.0
2022-12-31,0.29999999999999993,0.0,1.2741073263762058e-16,0.0,0.0600153330572004,2.556460089468379e-16,0.03998466694279941,0.3,0.0,0.3,8.647939845920224e-17,0.0
2023-01-31,0.3,2.337861446916134e-16,0.0,2.713018647590949e-16,0.09999999999999913,0.0,3.226585665316861e-16,0.3,0.0,0.3,3.619405215998276e-17,1.617528459338543e-16
2023-02-28,0.3,0.0,0.0,1.5317197264143194e-16,0.006441707470037784,0.0,0.09355829252996138,0.3,0.0,0.3,4.246424748751364e-17,4.117062836552435e-17
2023-03-31,0.3,8.910490992891175e-16,0.0,0.0,1.8735013540549517e-16,0.0,0.09999999999999998,0.3,0.0,0.2999999999999998,1.2348005708729246e-16,8.642513193129516e-17
2023-04-30,0.3,4.503505260550634e-18,1.8788068837278068e-16,0.0,0.0,0.0,0.10000000000000078,0.3,0.0,0.3,2.362833659072413e-16,0.0
2023-05-31,0.3,0.0,5.113359801505063e-16,3.252522041002149e-16,0.0,0.0,0.10000000000000045,0.2999999999999998,0.0,0.3,1.4033575427046703e-16,1.7321285755625018e-17
2023-06-30,0.3,0.0,0.0,5.906187979751536e-16,8.05020113070487e-16,0.0,0.09999999999999873,0.3,0.0,0.3,0.0,0.0
