,Mkt_minus_RF,SMB,HML,RMW,CMA,MOM,Intercept
1992-02-29,0.41249801955825977,0.9312068948730099,-0.42632390912793194,0.45446043093150285,0.39263478226120796,0.2659760421603704,0.06867963585331743
1992-03-31,0.443111128509719,0.9823658779422267,-0.5269463094132503,0.12164525167452243,0.2453393731855287,0.4951384846183931,-0.023455591521706922
1992-04-30,0.4657120656265422,0.9817830914591767,-0.5247165141819568,0.07109528911701946,0.22136953274741022,0.5138310385820968,-0.038052926615188484
1992-05-31,0.41855677030591726,1.0085716210256201,-0.5055509451911652,0.004244532806431417,0.36534111958757504,0.7449231150808953,-0.07396229758958975
1992-06-30,0.4105155760668822,1.0081756284996644,-0.5111246744719472,-0.04969479370370508,0.38443898988270164,0.806577563561296,-0.09321140834129453
1992-07-31,0.4102001165743248,1.0041206279479937,-0.516747134683344,-0.005789080859438351,0.36381568397319575,0.7468652427760825,-0.07600196892018352
1992-08-31,0.42411237051034123,1.003855019281504,-0.5165708035126243,0.002496211729933461,0.36320565511754427,0.7303214177806054,-0.07100636449321239
1992-09-30,0.41834992527115944,0.9988912130506682,-0.510877350715816,0.0053135721162553655,0.38671551595578946,0.7224118708779095,-0.0714595304978215
1992-10-31,0.4076015684430221,0.9965975443629213,-0.5070204645776757,0.007825885535793095,0.3797874905195014,0.7226521690891103,-0.06547363054087037
1992-11-30,0.2896314942686985,0.9990867229319881,-0.5115317769423647,0.08662472355154849,0.42378256977526785,0.6293871819189333,-0.047398868705641306
1992-12-31,0.2030987504149476,1.1133270490292315,-0.4156011613047025,0.14834447739889428,0.19849780056726446,0.5796279463899007,0.08183928735334067
1993-01-31,0.20728461038613746,1.1202536436728006,-0.39272893489388344,0.24863211644960076,0.16229243555646589,0.48957704936398505,0.14539142049939785
1993-02-28,0.19857398721066624,1.125310084260462,-0.39724450454136234,0.13707545292976983,0.2528884561886512,0.5704964700610096,0.11516883215819802
1993-03-31,0.07864567460651693,1.0701081659468568,-0.3536978760409853,0.1580805169248833,0.27616747924149954,0.43158831065017034,0.2240584221663916
1993-04-30,0.09348301273790434,1.0974657522313171,-0.3289078880979831,0.0813715789412991,0.3655518657993525,0.5925898431764306,0.17734167292647401
1993-05-31,0.11279684054622663,1.0947693102986553,-0.3200624932654074,0.07751165324313534,0.35776816599923544,0.598292470022492,0.17813092456925614
1993-06-30,0.18902631220723687,1.107581232314162,-0.3043220678956142,0.014947571313423301,0.345487593238478,0.6799187982571969,0.16313358724979643
1993-07-31,0.17450054047392916,1.1048085360140458,-0.2822580778021112,0.04621406082685843,0.3347766292848004,0.6465812939698322,0.20084758033492378
1993-08-31,0.1757539201531559,1.1059583374191133,-0.2803542852338633,0.048146343823884934,0.31428963587335373,0.6552013326086392,0.21046968565386387
1993-09-30,0.19506442199836313,1.1100000849109941,-0.28559589065712104,0.05115503324624092,0.282729969650622,0.6384001708486249,0.21598381585251653
1993-10-31,0.20806623189044882,1.1093343614472213,-0.29020408027891315,0.05033423145449455,0.27799041373097105,0.6435208410092419,0.21083657073603765
1993-11-30,0.19884820306446066,1.1074950803170915,-0.271837503336695,0.006295143877256026,0.2617804331568413,0.7068553631623302,0.200190826269968
1993-12-31,0.10275351291794928,1.122075199775326,-0.26097017387259186,0.022044431135182434,0.215843596758575,0.7005471549029699,0.2451141456385556
1994-01-31,0.0571568903039791,1.1260200412333286,-0.27216921316541776,0.006067722182545725,0.19053804891860224,0.709758036237841,0.23703096600720538
1994-02-28,0.007063902833184364,1.111010218447045,-0.2655841567821564,0.026087272615835655,0.21964923684711066,0.667678964273198,0.2510400695282602
1994-03-31,-0.06111136185832859,1.1052582196469778,-0.2603218267874884,0.03268203084853378,0.21959909927481322,0.661787937610789,0.2638523761617739
1994-04-30,-0.058210411086716166,1.1033947340369814,-0.2689770336862461,0.03938957883373444,0.22368924689218453,0.6499992376165784,0.26077105654990523
1994-05-31,-0.08807802522199447,1.0975123362399628,-0.2789420063946786,0.036041978536813464,0.2128280990684755,0.6316170486291568,0.2498029227997845
1994-06-30,-0.14812306855468754,1.0724036227625804,-0.26594205150053535,0.064317314699078,0.2211806231864092,0.5994281946068115,0.2524449375627891
1994-07-31,-0.13909500940175565,1.0569877702958907,-0.2587996776353099,0.07590908619978873,0.26824504429940543,0.6174307938519898,0.24155105900094662
1994-08-31,-0.1412619701856839,1.056454380743264,-0.2576666834476669,0.07600840831878439,0.27045051399253844,0.6182953633569142,0.2419107308123114
1994-09-30,-0.16664754805782983,1.0671989732931257,-0.279153440876578,0.07346496373848938,0.27840977163258596,0.6432096017975364,0.24213009049354123
1994-10-31,-0.1529243006305969,1.064334861019447,-0.2627108891318132,0.04618332774371982,0.2925901436935021,0.6853282963222077,0.24072760515448172
1994-11-30,-0.21473500654026065,1.0664746467499993,-0.26680804691212073,0.0885409680088184,0.26385212701747857,0.6381383169832893,0.22845076494664562
1994-12-31,-0.25936381166085826,1.0797473018307446,-0.25518698468910084,0.09095693021391697,0.2833045417074209,0.66624802846608,0.2279209695756573
1995-01-31,-0.261323669094558,1.0816524768607678,-0.2585969324134587,0.08396270653373981,0.27812731083400893,0.6762147045649884,0.2224304894862573
1995-02-28,-0.24383208359138475,1.065415101460439,-0.27030608345959495,0.1615836050386511,0.25869653433166573,0.5361277051999417,0.21840380486032768
1995-03-31,-0.03956581495913242,0.9890529921925361,-0.3033820008663841,0.11087714989370916,0.1368190584515257,0.5021744372013188,0.17291691969325962
1995-04-30,-0.06965436350959145,0.9762310640427228,-0.2924829622290053,0.1572715614789093,0.14757503196107402,0.4368107411193664,0.1850549809692187
1995-05-31,-0.10441478139703136,0.9640877789551889,-0.31756786764171246,0.18973769432227025,0.07831648815267135,0.37252875903269356,0.1793739831758211
1995-06-30,-0.15539790902873898,0.9527510123998271,-0.2919557638114751,0.15640677784653512,0.08867871018539725,0.4035525888021243,0.18809432297151488
1995-07-31,-0.10611112243157818,0.9120375425512877,-0.25918745545893324,0.20224195388441474,0.0319970116860034,0.2602755690022233,0.2170928580327787
1995-08-31,0.027715433701344543,0.8907657885741468,-0.24742887523063206,0.17651108685938768,-0.05088537493663273,0.19390010857177842,0.2423971973730875
1995-09-30,0.17127471321861057,0.9342386945234126,-0.28308469785306783,0.016546951241606312,-0.06634169547767697,0.5245492127686222,0.25996851665302395
1995-10-31,0.4002455445882988,0.8502541167283769,-0.34215189079863173,-0.0392217960204766,-0.13035863789616753,0.54571165625956,0.26192385048689043
1995-11-30,0.32681975309133965,0.8681208004015251,-0.3137395054022609,0.011604723598307226,-0.13533382351975318,0.47638361348916897,0.24589293984793667
1995-12-31,0.2781944410342141,0.8622311558590444,-0.2849842339550273,0.03042710307706915,-0.14927296889545477,0.4408480306698167,0.23688055882843043
1996-01-31,0.24533711632328106,0.8638494171469175,-0.27427158408640895,-0.0036885999273888574,-0.11833564753497507,0.5469558851737527,0.2534988691124757
1996-02-29,0.21682026178766398,0.8456757336760551,-0.26262618126079357,0.036141867308118907,-0.15005143773905538,0.45979816808140017,0.263769989858019
1996-03-31,0.11720068696649853,0.8490929810055388,-0.27518096424600774,-0.0046439760678078645,-0.11731318237904663,0.5943922432156696,0.28894284253824465
1996-04-30,0.10335167362731197,0.853443910862285,-0.2784298832522644,-0.014952949220160303,-0.12607124131815917,0.6132771825017463,0.2907911043719699
1996-05-31,0.20500065642511148,0.8591708531813237,-0.250622655614579,-0.05423022026309056,-0.16192157754691017,0.5951324257225618,0.25520918358347777
1996-06-30,0.1551415417758819,0.8506835314418865,-0.268989259709173,-0.05382959646243498,-0.17818605871349472,0.5805983246736115,0.27212545421176676
1996-07-31,0.20813593533202843,0.8654640974615878,-0.2644788162322554,0.003906553883076784,-0.1544871426735621,0.4621019394074634,0.2542008834584869
1996-08-31,0.1323427046190732,0.9587964161556845,-0.26590020330605835,-0.052317633750626306,-0.32615454924749515,0.4461635491077651,0.21771840134966228
1996-09-30,0.07639933831354677,0.9631067822951948,-0.2736360350953542,-0.08632206622204544,-0.2867768688535848,0.531979139486285,0.23838234508360712
1996-10-31,0.04054861677294035,0.9510757432864256,-0.24722498686856914,-0.08526500103789156,-0.27450282187227587,0.5806422192100635,0.2321812306192448
1996-11-30,0.04126480517865357,0.9475207630091638,-0.23189020070239447,-0.0896837854375117,-0.31870449123860056,0.4907556433266066,0.18448676994743446
1996-12-31,0.0432951167554478,0.9546326856913389,-0.23447199187463455,-0.08494040674114846,-0.3133963961349383,0.487372336913639,0.17758837922278925
1997-01-31,0.13694241532510742,0.920370561751254,-0.1915327271691888,-0.12083761646791086,-0.26120637394086227,0.5643087132104999,0.1890430785397125
1997-02-28,0.13296329635722492,0.8867703284915638,-0.18084232232670033,-0.08282430250883566,-0.29352755446733003,0.4987367345819516,0.1851422599242588
1997-03-31,0.12487811116709131,0.9186564980208634,-0.06936265578402594,-0.037795548571269856,-0.22873374197954885,0.6125994845477355,0.11826841493027304
1997-04-30,-0.025517181071321483,1.0221057272844347,0.026065200220962058,0.06831893872798406,-0.14486126106868188,0.6391090304950207,0.06369252750066642
1997-05-31,-0.026120546216927814,1.0220727071911768,0.04083753996702419,0.06862782720853432,-0.1552660401888103,0.6495702973183546,0.0497445812012447
1997-06-30,-0.030125932517120844,1.008133367673545,0.10671019824880792,0.03721135994929768,-0.20798228472634514,0.5951934044849612,0.0825915084485411
1997-07-31,0.06485647698881221,0.9858423869987016,0.08259746181896598,0.032518657990599956,-0.2757883716080982,0.5623422724271959,0.07370627766150278
1997-08-31,-0.10088668479988308,1.0063885585771664,0.1679422505779864,-0.04843217497326696,-0.15317156123013395,0.7782281944004483,0.061088583899692454
1997-09-30,-0.09703882397827793,0.9880744222056841,0.17804579758372427,-0.042659990378532124,-0.18094158354594186,0.7784913568149852,0.0519925160685602
1997-10-31,-0.13645458815933625,1.0529083812115323,0.19068870553622708,-0.008224447915154729,-0.34224552287744986,0.7964610558569132,0.05091972612683311
1997-11-30,0.007914661513246955,1.00976919185446,0.18339562563325543,-0.020094266950290145,-0.338939790066148,0.8490221937594007,0.022659515780672074
1997-12-31,0.007183536715839798,1.0834373710169403,0.16159005088517553,-0.10212346182324938,-0.14115514771767643,1.0798064316279752,-0.007024594904369066
1998-01-31,-0.008522393209818993,1.0850157628636599,0.1597237715742059,-0.0876514983240885,-0.12475631521919817,1.0872262354303148,0.00916054146330277
1998-02-28,0.1962055475348281,1.035906613227698,0.0654562658155722,-0.1946148648701067,-0.190069009004339,1.0740403129792102,-0.0237590938894153
1998-03-31,0.13556476422948802,1.033079885427126,0.11354871660299572,-0.15723534582244925,-0.1805700537379045,1.1310616848354045,0.023680916486092465
1998-04-30,0.15648878369095448,1.0555043594985274,0.12086920853197805,-0.12049827121413119,-0.18500135135487905,1.0418328254472713,0.03255501376883425
1998-05-31,0.01924732296950961,1.0838084359354228,0.16142260277527895,-0.13588826240857887,-0.06541391439339404,1.1210387619735434,0.033956537333423735
1998-06-30,0.09845199187374988,1.0624286453783023,0.13113250646552846,-0.14000316147024813,-0.1524410765219807,1.0967578261996371,0.031335899987802514
1998-07-31,0.16445660163363565,1.0205373021238155,0.0684489868816436,-0.1245031047048222,-0.2437592266411673,0.9685509524149869,0.08271993011289179
1998-08-31,0.34800773071984226,0.9494628665977544,-0.060522711913114154,-0.3185321204135493,-0.28052993219562883,1.0186541807323541,0.07589386054743645
1998-09-30,0.3020133281417547,0.972758183408309,-0.050634338615690194,-0.3031023110946002,-0.27018353971785164,0.998728686679907,0.06998184314180744
1998-10-31,0.5260512537418246,0.9493853374997117,-0.14718224167469082,-0.36587105176889795,-0.4649333307886858,0.9311790783916246,0.018985028183420623
1998-11-30,0.513161764739655,0.9318907841223404,-0.1237366902058006,-0.3298655217727673,-0.4683875675025327,0.8845746646234143,0.05714206518147739
1998-12-31,0.4613805591446301,0.919727271531795,-0.12115408455139053,-0.27927300280322975,-0.43956275750167184,0.8355303208968486,0.051880586184894835
1999-01-31,0.652260884615589,0.8732529781874961,-0.19554727096657523,-0.35606939142403526,-0.5420074548160653,0.677672239075469,0.16633516558159364
1999-02-28,0.9053650274875195,0.7912322412938607,-0.2801784984613413,-0.3099751209400894,-0.7475521545984564,0.40374560227946127,0.16792611816104022
1999-03-31,0.8171181511058457,0.8234366378036455,-0.21007659291158287,-0.2542773086294594,-0.6320159000288916,0.3536451018002102,0.18737964621850475
1999-04-30,0.6431181153877179,0.8392094044972628,-0.02818158661028768,-0.20563846646747433,-0.1605626359837002,0.31334172480340244,0.24526406353795
1999-05-31,0.824861188790923,0.8635772665840273,-0.0021030089698612455,-0.14327170550232865,-0.2602022408641268,0.32971799558005765,0.14389456825833474
1999-06-30,0.8884877254403789,0.8646469268618122,0.02328958481277293,-0.15800439655000412,-0.23251418019212908,0.3703111348732477,0.12319662196092424
1999-07-31,0.8843433006172763,0.8675229678368469,0.038550689928792486,-0.15954141261620694,-0.2132813701475996,0.36589314544274026,0.13789948927683787
1999-08-31,0.7987941494013525,0.8812533300198475,0.029265878542330193,-0.14569543994945058,-0.22856571955580318,0.3497302174469908,0.14332999199133115
1999-09-30,0.6393307496427192,0.9113326917066986,0.05554450867897679,-0.03215311838781021,-0.14894625608402962,0.25660729826304707,0.11493058689360948
1999-10-31,0.7855470897311226,0.8826379377261385,0.10776177135977359,-0.10942499061554932,-0.14288696147794072,0.279710073578299,0.17505792281855137
1999-11-30,0.8091855444585325,0.890831820241563,0.07605375850055025,-0.1523141945129282,-0.20217699787672297,0.3272046590204603,0.18902449485497594
1999-12-31,0.8270749942387556,0.8829999508203807,0.04632290064221562,-0.1367589082528698,-0.15044308747256113,0.27886388713330634,0.16113798092597037
2000-01-31,0.9449071095017106,0.8458615362706073,0.016092817989146347,-0.16334817053453257,0.05312372083782009,0.2218879185730546,0.04955148506121563
2000-02-29,0.9241395841043428,0.850722994149153,0.018242167878922657,-0.13882156980471197,0.11785994235981716,0.164313824300569,0.05405735867898017
2000-03-31,0.9153715136279093,0.8471416512551561,-0.008369573616142307,-0.20696553482107502,0.314281713927268,0.13864187276411624,-0.00030693135609983097
2000-04-30,0.9554943889141385,0.8541360727878489,-0.006289030878719643,-0.18886747035169413,0.31320015193824285,0.12937915497415917,-0.0018146792760560038
2000-05-31,0.8692788783773286,0.8659896444974112,-0.030149244909015653,-0.20195475623990422,0.26492113448117666,0.0963870179798818,0.010549179663702793
2000-06-30,0.5525249920108214,0.9460319466155344,0.0019454903563928636,-0.23486686646273297,0.3381617876254787,0.23525927710817485,0.09422848146706579
2000-07-31,0.587271104394851,0.9482631151594497,-0.008852748493516959,-0.2060305310660424,0.3126958220037186,0.21755867737508136,0.08507600494075186
2000-08-31,0.5330319562536989,0.9328827290218646,-0.08335030163339938,-0.3339194474234837,0.2378538656662416,0.2453483011267224,0.028223810130712682
2000-09-30,0.5766497567138341,0.8431700024180305,-0.05956275693841622,-0.3289588996772534,0.2628912737192938,0.09266535599213949,0.00011730847087223032
2000-10-31,0.5092457158391581,0.8392943436879396,-0.05931861438269955,-0.3741111704040585,0.3072086733955873,0.11830739921445403,0.01025723998596105
2000-11-30,0.5003547202806576,0.8316785783364358,-0.05875798231021578,-0.3693958612459209,0.29990394496011374,0.10514316606252154,0.005494899464142641
2000-12-31,0.526297991254168,0.8125106168134956,-0.15948151904860242,-0.3772349378713732,0.12565534089414906,0.015858073379590165,-0.052234582691217814
2001-01-31,0.5684199381140027,0.795779374687756,-0.17682113613970818,-0.42028202277475685,0.1209000093864916,0.010190279200409701,-0.07481796158867754
2001-02-28,0.911664673070368,0.7415268167442427,-0.16192740826720728,-0.4093900243029318,0.03517461470459846,-0.14176231491005167,-0.20864541102719775
2001-03-31,0.9210914838092907,0.7408169372902393,-0.10896293015634881,-0.3686035241918181,0.0937711510827915,-0.13487198533898986,-0.16899557505169865
2001-04-30,1.0668387629292249,0.7079996219448218,-0.08592017822970886,-0.3297436878966664,0.10570639590346807,-0.2259900903456722,-0.15603616103219486
2001-05-31,1.015215620361034,0.6697406017875246,-0.05824401860497324,-0.2870126929548186,0.13448239314824534,-0.30717973526789677,-0.1263280134012913
2001-06-30,1.0374023155800427,0.6657600236217347,-0.05090514208425011,-0.3121387756003366,0.15610099694995885,-0.3052016208910106,-0.12824333023501697
2001-07-31,0.9850022972852456,0.6901532333689137,-0.07322055515168616,-0.3068084060490522,0.12794899864851283,-0.25631527040294394,-0.12822358353157184
2001-08-31,0.9872474859977572,0.6938367979629667,-0.06796867772078968,-0.31461800559576036,0.14602979287609158,-0.2492931274848756,-0.1237599764934113
2001-09-30,1.0773767618732664,0.652737112083361,-0.10270165187852492,-0.20927594967619034,0.0656961339983839,-0.37942040054373494,-0.12325515728554855
2001-10-31,1.2753949196640055,0.5991300666710739,-0.11227087021934463,-0.22458955994149163,0.09153371592104183,-0.458580947795343,-0.1045749311270333
2001-11-30,0.8643895530641985,0.6728757475476029,-0.19168643443873928,-0.061577541099159167,-0.011475151610225469,-0.39799964533175414,-0.03350215990252516
2001-12-31,0.8598287111911443,0.6744969064467633,-0.1950615347524374,-0.06789256250983468,-0.007966079081477983,-0.3859750982348568,-0.029747334517719458
2002-01-31,0.890581509495358,0.6788593550781752,-0.1838416323005627,-0.062001378138790045,0.00013404847939606527,-0.39415986694066407,-0.030294511303621992
2002-02-28,0.7757127674399035,0.667764856232711,-0.22194030310513044,-0.04301029261190678,-0.05206229806085929,-0.41798526472515485,-0.03313736766181435
2002-03-31,0.7910515546996352,0.690375671241531,-0.21861872942988722,-0.0845884805910386,-0.019230678418331672,-0.36609679603686474,-0.03236786146514538
2002-04-30,0.7192877386255304,0.6739643600286946,-0.21275216225707289,-0.12379513046019948,0.018786013053207547,-0.387759934591703,-0.026014419796208325
2002-05-31,0.8253035815161004,0.627643740711847,-0.2698728032000981,-0.04692450641031717,-0.07498864047537594,-0.4886518026452917,-0.03123531624717358
2002-06-30,0.9099381056322303,0.637406841533211,-0.29208207372148043,-0.06951188880922657,-0.06503445520769435,-0.4626519739298946,-0.02449224574931608
2002-07-31,0.7737111431806066,0.6730023400094197,-0.3360862928257493,0.012567725479009124,-0.15507711333678934,-0.4476273423596123,-0.027126400036037526
2002-08-31,0.5188348266852327,0.7675577528205556,-0.28917995591204837,0.09444449039783746,-0.18919990132392023,-0.36184206904314925,-0.03459824495466955
2002-09-30,0.5666265775853842,0.7946162184195708,-0.298832875385154,0.10746874928345669,-0.1865449692678318,-0.37005537891895524,-0.02442273022419293
2002-10-31,0.49190397965445565,0.8210461915627203,-0.3170153543415666,0.0797484560085738,-0.18035383296955346,-0.3129400051350519,-0.02184137939404751
2002-11-30,0.5873452772328611,0.8883599835593363,-0.399758483935322,-0.09263250577196319,-0.1915691986805663,-0.0370117903421371,-0.0574749334866654
2002-12-31,0.5208944611406959,0.9287071147568057,-0.39872750713560584,-0.12962126724509856,-0.20690442093086686,0.07496766234511217,-0.07744322698854664
2003-01-31,0.4279456922792513,0.9069047793548357,-0.3810733155052724,-0.10775922282864847,-0.23161373431931198,0.04805460346001649,-0.08417649900975244
2003-02-28,0.34906117741325665,0.9069341382948135,-0.36866895049953313,-0.13551384171487654,-0.20681897777541536,0.05563352322563999,-0.0897124178357347
2003-03-31,0.17539627922337298,0.9252575061398566,-0.35854734662794596,-0.10586653349604339,-0.2177894316943843,0.0714446964075105,-0.08458850041506315
2003-04-30,0.2345420958392556,0.9425878039124828,-0.3551040160424792,-0.08583916778921578,-0.21701772196673644,0.05199889631633604,-0.0837756586381209
2003-05-31,0.18102297267155332,0.9311296168771395,-0.35063276703184787,-0.10793840208543186,-0.21582733555380723,0.07295402463555636,-0.09512147231418064
2003-06-30,0.2692860907236936,0.9206106674926945,-0.3609038134020038,-0.07269652020420163,-0.24371158211066893,0.036021644854360546,-0.09138722299107847
2003-07-31,0.275293693622306,0.9231127788277944,-0.35570200116586265,-0.07579268474422768,-0.23717053187853598,0.03449871819024273,-0.09261281025416597
2003-08-31,0.2483741353455889,0.9186962580328802,-0.3655403727874068,-0.06920175390405325,-0.23403911132018682,0.011641770293007603,-0.08891536698237816
2003-09-30,0.1446962870868156,0.928665591842868,-0.33444008331102704,-0.042991086473758,-0.22813846380246133,-0.0032748721668614425,-0.09281716751060375
2003-10-31,-0.02667924917523628,0.9844108394426142,-0.302222116371642,-0.03880600715656503,-0.18961366290459608,0.002884911232813855,-0.0857065051011504
2003-11-30,-0.08185975874487061,0.9875788511465454,-0.29508261356925425,-0.025200631570940678,-0.19429141406109404,0.016218298278240652,-0.08228878819546903
2003-12-31,-0.07907257503719634,0.9996317158312688,-0.29843513672683536,-0.04943926630033731,-0.17725063700351568,0.036817591738151086,-0.0846876841512216
2004-01-31,-0.021352978676031954,1.0249961280068345,-0.298293769103465,-0.07008142998989397,-0.15460845897349942,0.05580071732188052,-0.08547970552744255
2004-02-29,-0.17823194956266644,0.9658213324139441,-0.27827405216961487,-0.0344163944480994,-0.19692008240630984,0.06240990077008098,-0.11734279941299593
2004-03-31,-0.4445589189909939,0.9884088038863714,-0.2571141153719,-0.09025439158362607,-0.16077767260408818,0.19881534478290203,-0.12593979618818335
2004-04-30,-0.4155430552624896,0.9810451422495541,-0.26542937525962107,-0.08700355168565498,-0.1715714271332967,0.19795833431617407,-0.12606240556160003
2004-05-31,-0.15253202373002786,0.9488380400117021,-0.33723687948241293,-0.07609493434097625,-0.2411792366868699,0.16689388370886704,-0.12458351158734034
2004-06-30,-0.3112845934835281,0.9474922983467471,-0.34291583581936624,-0.12482663064332462,-0.2106079734376177,0.20285863500450002,-0.11599726288557187
2004-07-31,-0.3435744778560419,0.9564883945159396,-0.35872199148293765,-0.11416163817266535,-0.21623251375639221,0.1797124646671534,-0.10197783112350658
2004-08-31,-0.27024778742588834,0.9003871655672523,-0.39033755583925533,-0.057522858505416184,-0.28382162619544504,0.13378068521744874,-0.11123663627500688
2004-09-30,-0.26533459411556104,0.9016998347871363,-0.39507882053811266,-0.02437960977103024,-0.29690114489906755,0.09222781175720883,-0.10843734588485583
2004-10-31,-0.060975339872043594,0.878708854771066,-0.4384844516495881,-0.04488474819370836,-0.32729704096521905,0.09759339847748348,-0.09959770166768049
2004-11-30,-0.22044881217775586,0.9143226947730447,-0.4329087424817495,-0.00441192012134701,-0.3275020670295083,0.11742487050521092,-0.10850080128558254
2004-12-31,-0.2600576730987139,0.9193658988271131,-0.4022514433945764,0.011177467328613503,-0.31383556869354323,0.10348994422888069,-0.11321541303883122
2005-01-31,-0.2955101949518577,0.9057253512101405,-0.4172906723694992,0.04952731791027753,-0.3415078414410303,0.08970295756598613,-0.11752103293934336
2005-02-28,-0.2988724291881359,0.9112701341373655,-0.41576441596415303,0.043274628431812255,-0.3372807359062097,0.09352126217049136,-0.11554517618732874
2005-03-31,-0.3229717191491653,0.9105284381458479,-0.41276698988328875,0.04215680764063318,-0.33463159095125183,0.09412970712817363,-0.11744966618021908
2005-04-30,-0.21533283015213583,0.8830330498734069,-0.41795947020135993,0.05570479231258388,-0.3958801037640984,0.08827143448812884,-0.10541630967640636
2005-05-31,-0.2476427338342269,0.8786205019412944,-0.40304996074447225,0.048594600894539035,-0.3971879687431143,0.09959250931491556,-0.10624027020094536
2005-06-30,-0.21878398946592698,0.8628919397683362,-0.4229302094900669,0.04910743851011223,-0.3955910782831396,0.1258435488866951,-0.12313561555485396
2005-07-31,0.015178097881222553,0.7963397544880076,-0.4720023541967913,0.14131866075473595,-0.45260083956951236,0.057452481445053834,-0.1651824945272348
2005-08-31,-0.1312897146306549,0.7894319585871742,-0.5532891350572164,0.24437541682684535,-0.40689319616710184,0.0434426431281394,-0.2479509721947462
2005-09-30,-0.1350458376227603,0.8068666321717517,-0.5648254566823784,0.3336193038487855,-0.3779826574085284,0.0007591334234737369,-0.26872141450557135
2005-10-31,0.005404678593210311,0.8804833876331182,-0.6051399831845764,0.27427104283839315,-0.38061274132743905,0.06765458089066757,-0.2189707045271668
2005-11-30,-0.08078852410358481,0.9068930762874088,-0.5859890135448607,0.24878938001361453,-0.3432740406220967,0.09314153556248887,-0.21576089716144928
2005-12-31,-0.07740213211896443,0.8958551670831872,-0.5827081216559645,0.24965936841818845,-0.3765754569652339,0.08424275307269187,-0.2039116650880684
2006-01-31,-0.2130043808274631,0.8676560519151864,-0.5758736275550024,0.3805967577056995,-0.17672683173614337,0.16343380123850712,-0.3543424022828171
2006-02-28,-0.1733094558209053,0.9158363418955563,-0.5209852369514001,0.4518053237857617,-0.17855783314958226,0.1362257386071673,-0.32688796570380396
2006-03-31,-0.2719038526716426,1.1017934967526495,-0.7131398176960241,0.3631305791929084,-0.33598461371517424,0.2956321759269066,-0.008020111662543034
2006-04-30,-0.24687941159454538,1.1036315113513318,-0.6953157538501463,0.3837656724052018,-0.3265943797146715,0.29280811499556303,-0.009150094783925191
2006-05-31,-0.2625420826922307,1.1250020620426835,-0.6994330090187416,0.3497826298972398,-0.30597185303416835,0.2907193485574511,-0.008586551605737925
2006-06-30,-0.09615938932678078,1.1763531390178399,-0.7264538298463652,0.26072377783971024,-0.2604013371043555,0.27205333654263525,-0.019988996883284548
2006-07-31,-0.03243267105917012,1.178093352769811,-0.7293312492933486,0.2729867878984408,-0.2614520448864805,0.26466161779151537,-0.01691200949337134
2006-08-31,-0.08671804293520262,1.2079606589246266,-0.8283740189194039,0.30731039994553483,-0.320241521875937,0.30420504119892444,0.017686896152030337
2006-09-30,-0.09591388232848747,1.2145398185015432,-0.8311433663044736,0.3206976779616341,-0.3056271795839136,0.30593395033697557,0.016261931810943465
2006-10-31,-0.09132597035613813,1.2097623865892309,-0.8257920745457717,0.3160993184273172,-0.2987946966824111,0.3271654390568664,0.01371688940500438
2006-11-30,-0.20562520759992903,1.2635369551404712,-0.7334157803882193,0.329808698917817,-0.21184532206812348,0.247977304263509,-0.04313157108661682
2006-12-31,0.014562522819652611,1.2228246135864411,-0.5314869134908246,0.022830069985229056,-0.09308607290917392,0.08354913400537002,-0.15262042909080323
2007-01-31,0.10337680000794804,1.2511301927928635,-0.5709555165669447,0.18982982092551834,-0.13715540980634658,-0.0066524967683932335,-0.18227355480503518
2007-02-28,0.0919276960997972,1.2539783975442709,-0.6355881758895457,0.18272727008995965,-0.17123883695700723,0.030475735404049065,-0.15587410187700296
2007-03-31,0.08948177950322636,1.2702331671595022,-0.6221743327778168,0.2174372942969766,-0.09847632080921881,0.09296979187615736,-0.16767323913872023
2007-04-30,0.15060940121620156,1.2509233768053938,-0.6229408439006251,0.21546118223982821,-0.1716081499600309,0.005051186560078729,-0.1593608137674884
2007-05-31,0.14057242950539162,1.218715209300157,-0.5629244371611839,0.28427807616172174,-0.21947153498247413,-0.07870971183405572,-0.18291798133891662
2007-06-30,0.16595711716963502,1.2522231411322085,-0.514829928269048,0.2535469239437417,-0.10597361037380962,-0.016535329715749416,-0.19581240907096958
2007-07-31,0.15844348138094877,1.2248432051667726,-0.45880133518415095,0.23445556316970373,-0.1583400197362662,-0.17312996134090214,-0.22676937043563436
2007-08-31,0.22255228586934642,1.1951008393517695,-0.4195349902647737,0.15980840093129317,-0.09513674985108264,-0.04281714988904892,-0.22063583792790745
2007-09-30,0.3117250284821151,1.1549024946162736,-0.46105233751579205,0.06912988291374289,-0.0531029885706587,0.0737463054074386,-0.2062981011596528
2007-10-31,0.2899439598065348,1.143709745752018,-0.43589341056711706,0.09194158453906631,-0.01644159667863159,0.11860266825696454,-0.22472099260510398
2007-11-30,-0.028187886431907803,1.3305289285556396,-0.5422212614794383,0.1581981329804095,0.07783563236963555,0.1566549499468345,-0.2725400062887993
2007-12-31,-0.1500851980204035,1.1302058990855874,-0.23987941979983307,0.34602059328529516,0.11456112127441831,0.09565697155019932,-0.3055317713382616
2008-01-31,-0.1730643653785887,1.1523718196086001,-0.2701503585944532,0.36857896233843773,0.13057983314693997,0.03427500269174167,-0.23050293196164517
2008-02-29,-0.25053421132652093,1.217754579475084,-0.3024814358074941,0.3381634646051164,0.13132187102502207,-0.013789214696535879,-0.16001115354260617
2008-03-31,-0.24170532116015875,1.2165340285658086,-0.3087662857714509,0.3418079362962129,0.12808638940762954,-0.023106285008605083,-0.15051959006795562
2008-04-30,-0.11989645849856008,1.1852002983326608,-0.3017115066042349,0.2884808676686983,0.13859652547612542,0.017349260698394403,-0.13750650102206355
2008-05-31,-0.10920616728769647,1.1741440690162326,-0.2835305760565312,0.26373979241450984,0.15786843894971642,0.05530183217193085,-0.13593524156068998
2008-06-30,-0.07660715112712514,1.1591000644772131,-0.18526849878656593,0.13797092133122518,0.3201037925359813,0.19993299485420837,-0.10546803808543753
2008-07-31,-0.1105810294246617,1.1734825423291042,-0.20607495417535834,0.15769738017887133,0.32507271257313863,0.18234076487180836,-0.09976793964645728
2008-08-31,-0.1679500304008538,1.200604563377419,-0.2474599975277471,0.10333900189534048,0.36318915620991665,0.2331936520713032,-0.07543361244449164
2008-09-30,-0.0764008873182243,1.1838591023838059,-0.177594562587251,0.051810056018545034,0.35449103658767495,0.27585619338174894,-0.1061438014563244
2008-10-31,-0.09388307360172286,1.2364096226991437,-0.18838646421781335,-0.013951717583485632,0.3510379489707185,0.27660236166189567,-0.11435980135478879
2008-11-30,0.06417391487863475,1.1544915615844997,-0.1582866971302658,-0.1091658734140501,0.36685282831922233,0.39467350385032535,-0.11461022481720579
2008-12-31,0.07443473743014421,1.1603684800709748,-0.16246865905807825,-0.21058046109249723,0.4663620221640629,0.5381835241331163,-0.11157734517939978
2009-01-31,0.1524893695528968,1.1569667881859955,-0.10673466236790982,-0.22570279267809715,0.4859531724752605,0.5561739223861933,-0.13266300320875027
2009-02-28,0.048541261196058255,1.1936399770549182,-0.1262630510289495,-0.12476547614436126,0.5242311824365162,0.5734516492289431,-0.08673520643054601
2009-03-31,0.1136808233701058,1.1387672298873723,-0.09712320958693646,-0.1727062659380416,0.46697611307680564,0.5268011880138204,-0.08900574870795923
2009-04-30,0.11838160060640111,1.152399345794247,-0.10485342309753948,-0.17180208006976863,0.525648553223691,0.5199802655999455,-0.08657618281411981
2009-05-31,0.11447931463188912,1.146308306717395,-0.14962544636129413,-0.14521626477021699,0.4573571682942181,0.48949332089356445,-0.028187253288908726
2009-06-30,0.045927115315672395,1.1413626391824985,-0.09238359256321083,-0.13873171340846807,0.4711284361642351,0.5796438019397735,-0.0010324141787592747
2009-07-31,0.1801819782686831,1.14170383377218,-0.09671273359340882,-0.14199752954414008,0.3956219064502582,0.5997724465702087,0.008176712791470173
2009-08-31,0.10968167402256325,1.1012599969998789,-0.07433793360019914,-0.14987907236485093,0.3946286157459095,0.4345039875449347,0.0044732507684518315
2009-09-30,0.05086828149792259,1.105439753695683,-0.03719012649072088,-0.1994712940308342,0.3759446657175793,0.44604569647600895,0.009512774325221787
2009-10-31,0.04264585360912096,1.1145257166790814,-0.01682260210862004,-0.21479821858221762,0.39358087274418097,0.4885380102389321,0.009191013342161478
2009-11-30,0.005468957196053785,1.101446546253622,0.0073515100141679605,-0.2086932605820647,0.33938153668944204,0.5275121691147051,0.007697398547123693
2009-12-31,-0.026196690049984758,1.1006994186290204,0.0077907964317439566,-0.20394947260641486,0.3515972295799898,0.5157926399016983,0.008222713100426902
2010-01-31,0.01743015834111398,1.109298332741556,0.07248833094857102,-0.21150167974017822,0.3773882712901254,0.5257534868077924,0.021281288405014424
2010-02-28,-0.05895560567390075,1.1290694664445915,0.06995283930015574,-0.20741484519378448,0.433158621854118,0.5247738773288546,0.03117499010050139
2010-03-31,-0.06807782060226107,1.1209280484537618,0.06634310011329285,-0.19827095485732088,0.45140533973826585,0.48136272099789246,0.02743905484160982
2010-04-30,-0.028545162325905926,1.1352493557079217,0.05658346479733665,-0.18101662714413552,0.4834508711180743,0.4770952972685718,0.03782673655763217
2010-05-31,-0.05809138073344684,1.1376400118853842,0.07075471918590777,-0.189552708942475,0.48948993322915246,0.4696105516773794,0.03769788137456619
2010-06-30,-0.05242674665637874,1.1205475762057047,0.101290879737083,-0.20508373123227677,0.48196797969022065,0.47730808039406714,0.03241480246006515
2010-07-31,0.04998155434384482,1.1123266342630418,0.11239096844076348,-0.23758628937799775,0.4270558686858858,0.4747903655829735,0.025734709099651726
2010-08-31,0.06393084997086483,1.1178862797253826,0.11345161009673595,-0.23883577068981104,0.43306895653087757,0.4850613070705438,0.028112780259396283
2010-09-30,0.15988434625542858,1.105149944059588,0.09563026007984682,-0.22860078657625932,0.40671861643675056,0.4184604420468876,0.026055607283370016
2010-10-31,0.09015921652151196,1.0736654137321162,0.07003629105322186,-0.17590963321445546,0.4222262465174368,0.35734038348437575,0.019400029419322607
2010-11-30,0.1275806683948585,1.070545716855349,0.06375532992732763,-0.15811881259174318,0.40968516773081315,0.3334532727464809,0.025084976294984174
2010-12-31,0.09205443836246484,1.07112047455381,0.022807500317418246,-0.13214867883026207,0.4144227096515954,0.27042069199188645,0.021732267014316794
2011-01-31,0.12201479006864052,1.0732360927493103,0.02159340102066966,-0.1330473668592674,0.39828294823576005,0.2669729782440207,0.023244798773137947
2011-02-28,0.10794693648857928,1.0679490871520831,0.04016247391082736,-0.1337948280942051,0.40851695240810615,0.2559761473596215,0.0229792819488091
2011-03-31,0.20152000254065422,1.0686259778862208,0.03941326892756273,-0.129083687399569,0.3392735138652974,0.2685228984925081,0.03299775756417022
2011-04-30,0.1524126318371614,1.0698694892633092,0.0463632219751953,-0.10997989964318451,0.36301503305896526,0.20790023059475776,0.03820766189267957
2011-05-31,0.14739159480295613,1.0683232808254477,0.04713890200994487,-0.1085411911068454,0.3603764846509827,0.2093466643754542,0.03824728862163361
2011-06-30,0.1642752082618511,1.0677998541927645,0.04783576722747785,-0.11063297135887354,0.369674336767636,0.19211979568393997,0.036512335853972774
2011-07-31,0.10043069514813047,1.074210432284,0.08578884172535958,-0.13419527266938985,0.34988524820149736,0.17133017291017794,0.04304695450443332
2011-08-31,0.00980956801208464,1.073890278929481,0.10017192483691485,-0.17026068252043608,0.29351196281898617,0.2398726118428696,0.038096890135257244
2011-09-30,-0.051190406679329975,1.0653068279046527,0.16180712717063078,-0.20673597189379836,0.2557716462852097,0.22359235144266848,0.039153209616433815
2011-10-31,-0.013905572769777346,1.0584397011398423,0.14307335493604262,-0.21284406855473492,0.2563482069976021,0.24707618979566515,0.03101100801240563
2011-11-30,-0.11473442360831436,1.0339244515734127,0.13612468818093706,-0.2003377621821169,0.2906886966523661,0.2662802173463246,0.024741429901956977
2011-12-31,-0.14479063899415145,1.0309319578733516,0.12981122407047363,-0.19512030653913315,0.2911292497896621,0.2562817986255015,0.023584342484566718
2012-01-31,-0.10716680909239441,1.0360016310140936,0.11968057922418529,-0.1907928522894135,0.30133987669206375,0.28583554561516333,0.02563000393866218
2012-02-29,-0.24675690796634064,1.0373140430368402,0.14121621717734953,-0.2006076888916164,0.3621191520998648,0.2582727308313486,0.025609421468873888
2012-03-31,-0.24648755765528507,1.0396656305582013,0.13263199154947386,-0.19548628924387326,0.3613082747574052,0.2524217001065106,0.02644192487794417
2012-04-30,-0.2473947434556784,1.038379067304273,0.13491261631767232,-0.19582228518956524,0.36047412854110905,0.2499480717097538,0.026055923120156952
2012-05-31,-0.24626402009263432,1.0401317674006267,0.12958284661765213,-0.19803799818094867,0.36877382357603017,0.2716631009053067,0.026275825863769354
2012-06-30,-0.18871647603235978,1.0488752462317688,0.11124698399341486,-0.22156645609229766,0.40287943941649834,0.37986126973766404,0.027685711459683824
2012-07-31,-0.15791671943487845,1.0388254653012685,0.11107621232036403,-0.23535817049365296,0.327027703114722,0.43712822737893464,0.02588616648737131
2012-08-31,-0.10285916814689315,1.050988674582232,0.07291438307886913,-0.21957921714587494,0.3458120699627752,0.4342347988650013,0.03162645139151335
2012-09-30,-0.1283945473593271,1.053003640681719,0.07697442210497601,-0.2196702539033544,0.35707110761042604,0.4426493844684707,0.031122740174219603
2012-10-31,-0.041816548561679864,1.050074300034987,0.07124042993979521,-0.22705112081241052,0.30602391968227716,0.46206493169777696,0.03148088031312012
2012-11-30,-0.0426930308271964,1.0512710588491307,0.07115501755903456,-0.22734492922579297,0.30813988465510705,0.45488670357303246,0.03204388833434491
2012-12-31,0.03420946526168828,1.0588717599796367,0.06980037786129965,-0.2529729296285256,0.26616392594098887,0.4501588373507813,0.043087259242704005
2013-01-31,0.09541958859126544,1.0529353489919426,0.05598145496439877,-0.23901129848373148,0.2612131901592962,0.4331826251058785,0.04350122511956818
2013-02-28,0.07343754944341588,1.0508452235839534,0.059108233413799165,-0.23703333131608376,0.2711469080834702,0.4278623818126805,0.04239959894589752
2013-03-31,0.10203983887617624,1.0429012303822,0.052299479854970465,-0.22488145919511868,0.2835769544851644,0.44609588312125753,0.03526692696465673
2013-04-30,0.131192010521043,1.0433987240363873,0.05182177423723444,-0.22113893856196404,0.28156363309878324,0.4363578228041171,0.039554288815206576
2013-05-31,0.17664706789100962,1.049837802847225,0.025084727230671486,-0.21277114770487554,0.28479129187982305,0.4342625144033826,0.041136849905153754
2013-06-30,0.06558423481891903,1.0607570442823464,0.012060319575508575,-0.24376896550221064,0.33148229144078073,0.5171166186335551,0.030996459146274618
2013-07-31,0.1154105385240653,1.0456074072194068,0.011768198182080934,-0.23364659159768136,0.2942672926848053,0.5016442693010416,0.029896821297616855
2013-08-31,0.1808016595072653,1.0266585212030892,0.07040073981277911,-0.1808037551408117,0.4293068569441567,0.3893838578976499,0.061736869754736357
2013-09-30,0.19551344158722345,1.0177006568214526,0.08220712588619736,-0.16774181217547157,0.41878957139533396,0.3935040467128124,0.06067742729910621
2013-10-31,0.19304207302241647,1.018633594031422,0.07024891218412899,-0.17048088209701065,0.39467607420052503,0.38302838152553875,0.06414271467402528
2013-11-30,0.3629309206386613,0.9555841437660495,0.10342382466218127,-0.020711058645881398,0.47535251379223165,0.3150634162856268,0.07446711141266213
2013-12-31,0.41003734939093245,0.90329875311395,0.10481163926039043,0.0035030030797428688,0.4727901156676043,0.3633343356306592,0.07057093101360247
2014-01-31,0.43024740509562875,0.9032720852679873,0.10926213701579329,0.031823173880395794,0.4412639196877643,0.2931581143750878,0.0762158471374694
2014-02-28,0.4107003642755223,0.9045258371775624,0.0867367898451947,0.018957476412924255,0.40968051098870195,0.3252984681525253,0.07828816305349157
2014-03-31,0.37980647404730383,0.8938407987905924,0.08626408861270188,-0.15823944794707034,0.33624140894425575,0.5014991211143929,0.03509004624020122
2014-04-30,0.3382251113675634,0.9026578484574774,0.08954664166600086,-0.1755096771552805,0.3164738249101229,0.4970516974322225,0.03561796803480315
2014-05-31,0.28234486934177067,0.888493783102793,0.11723435201667011,-0.23797366440473125,0.32082460106713667,0.6152869623837576,0.03587316985796
2014-06-30,0.3661642322386689,0.8972677866597849,-0.06422490765579852,-0.14742752919236723,0.14733294872371566,0.48079693625397657,0.21775038564878735
2014-07-31,0.3658667881641356,0.8951468295072799,-0.06144008095775208,-0.1447392125441515,0.1446674553329728,0.48158669362044865,0.22417356881028713
2014-08-31,0.40310139997878913,0.8932020967210639,-0.08540224444954404,-0.1466517689073561,0.1286923137450036,0.48829598556178705,0.23136450761656221
2014-09-30,0.35097445308194,0.8844033155450337,-0.05771200607997905,-0.15437351056066204,0.16642084006617125,0.5664944297551309,0.20134204027236052
2014-10-31,0.36259387106778845,0.8805314642463268,-0.04934744318043064,-0.13331589837834015,0.16263247379266427,0.586905511663409,0.18035632872232144
2014-11-30,0.29875048585941943,0.8715061580534536,-0.1387172639988541,-0.11824496713579599,0.04598263697442593,0.5534361883889538,0.27076745084269643
2014-12-31,0.32339545342944026,0.8787728920600957,-0.17353020052287504,-0.1238038987854257,0.0874961040325409,0.5001192732366462,0.29175739357230274
2015-01-31,0.2709550519694806,0.8856107407668095,-0.18221064900440567,-0.14830719511746376,0.09576385125048492,0.5082027280859215,0.285194197065689
2015-02-28,0.14779145664932164,0.9042446293881614,-0.30698039622883583,-0.15364005132680272,-0.00631556878395024,0.6000155898991492,0.2528920966618451
2015-03-31,0.29939990186222315,0.9085710964401581,-0.28917989770197633,-0.20628161896026811,-0.03736615981687265,0.590928775614695,0.15984107651314217
2015-04-30,0.2951928782155559,0.914168334982559,-0.3026073355600694,-0.19064414054641826,-0.039147381759152014,0.5886373698279144,0.16927646443008598
2015-05-31,0.3757769825773552,0.9065846764660034,-0.3161875694074271,-0.16429383377427503,-0.01701511410071109,0.5513121825621283,0.09447093586020197
2015-06-30,0.29989791824835904,0.9169507472136809,-0.37382112144455876,-0.22690588470208622,-0.050036908514914755,0.5791082100424144,0.062431909905917134
2015-07-31,0.33365340966493395,0.9161379925970189,-0.3469821096824051,-0.17694096215184107,-0.02435684029347097,0.4962665662332807,0.08592481040503498
2015-08-31,0.3455431087779399,0.8976489509921253,-0.2795890262446054,-0.18237173717739516,0.012678791633278405,0.5559408156715088,0.032218310406767696
2015-09-30,0.22598406883219102,0.9210839292174388,-0.3043874692394926,-0.20175421512869401,-0.0032299254527132612,0.4956978712308782,0.043723665385735785
2015-10-31,0.172955260917518,0.9347743560290835,-0.2842600622772767,-0.20228590660096626,0.015919024219896355,0.5246176413736666,0.04271691460773174
2015-11-30,0.17251699992027175,0.9568633151199917,-0.275635607713249,-0.24609166670620228,0.037172219488028235,0.567669068695296,0.033110525182026576
2015-12-31,0.14069271691980298,0.9618197561400398,-0.2869613716722306,-0.2411600828681519,0.05520265570266571,0.5759968840086953,0.030021638819122107
2016-01-31,0.15022684096317,0.967696820771727,-0.18556231121179076,-0.2552798785408719,0.1312757512948177,0.6445857032330206,0.022390920191853014
2016-02-29,0.22179116865923523,0.9518294670936257,-0.20261742219526066,-0.24640221087292236,0.1262295074126859,0.7495152182647506,0.024269498153613452
2016-03-31,0.24997845261605134,0.9558990800922762,-0.26375550523951247,-0.22373070986464472,0.056307481420923046,0.7438577843779816,0.03655518275186646
2016-04-30,0.18215188628174814,0.9477014401333756,-0.2681705001339201,-0.2397464321427913,0.10710079808630192,0.6960550321874052,0.01616599967989086
2016-05-31,0.1643640549824335,0.947459664888098,-0.2917413001066531,-0.22884924708313303,0.08575156996471324,0.6851592955587876,0.013708091090149952
2016-06-30,0.15639017569267255,0.9465922675773016,-0.28976217666996573,-0.22655836163889118,0.08654756034542846,0.6929241184351503,0.014071966673472365
2016-07-31,0.13242620814551231,0.9546803412677527,-0.2872885838003008,-0.24916136475336656,0.05939102298551455,0.7892878870252156,0.0320074754902413
2016-08-31,0.10797277280237082,0.956968595595307,-0.3030578455962799,-0.27281336249951244,0.019976313982240885,0.8360828004009877,0.028182032425648453
2016-09-30,0.09383359390857413,0.9621574872225097,-0.2979881428274671,-0.2910706550239814,0.0907672873269744,0.8019681666246585,0.03309785395308192
2016-10-31,0.14677458739596377,0.9472933962913367,-0.2965079907607549,-0.3219690974148443,0.09298597354426007,0.8069065752666899,0.019756687825297055
2016-11-30,0.1636318906361071,0.9355175663044981,-0.28797873926300416,-0.3852119361210356,0.08285005070096711,0.8490813931240188,-0.001674326855158121
2016-12-31,0.16036839583569423,0.9796287167616873,-0.19572929942644876,-0.27371018597216323,0.15457051201649874,0.8474855619910062,0.02545481006147148
2017-01-31,0.2143330910812863,0.9915061881226294,-0.172846518564476,-0.17217112932367265,0.25520107807605424,0.7388356225671242,0.0568721703706939
2017-02-28,0.23099188098473847,0.990439629284213,-0.17802227975287263,-0.1865548977740916,0.24788175328688666,0.7369105388834847,0.049248851470094356
2017-03-31,0.20207008717036162,0.9795280225399613,-0.15630224669337436,-0.19105210972109612,0.22642519494757213,0.7877563008063566,0.053121649351042154
2017-04-30,0.22348758533149565,0.9738152676340168,-0.1472757981337315,-0.2078410431681792,0.23352962075217842,0.7885471919240316,0.044640260197490976
2017-05-31,0.2167873171251256,0.9818475117584726,-0.16215006439915822,-0.20156377286627244,0.20623437673812542,0.8162058876512892,0.05329131911590792
2017-06-30,0.15205652910237083,0.9804858976446681,-0.1453431902382221,-0.1723410535950707,0.19271116550520287,0.8237387632506944,0.053575577479114705
2017-07-31,0.043038555817689006,1.0110158195280734,-0.17591123819264962,-0.15160691015423966,0.19798796634062726,0.7456925299175906,0.029387924472494362
2017-08-31,0.04411784028027384,1.005152507793912,-0.19877043912034834,-0.13880180655445043,0.19257084204582517,0.7282047942039372,0.043764730092291974
2017-09-30,-0.007759967066554363,0.9979916259864715,-0.1723034279017074,-0.1675777943333398,0.1780130375070884,0.7724177331523359,0.017132488396614604
2017-10-31,-0.06386380577692474,0.996692714338291,-0.21769555937644908,-0.17336967426767427,0.18260717170548377,0.7254664120964843,0.008896644064374204
2017-11-30,-0.09296759182677182,0.960014763978439,-0.19009090578602117,-0.3292320379244898,0.11947889992576473,0.9684701902643469,-0.05130346998820689
2017-12-31,-0.04300089196064282,0.9546546655876884,-0.20794543402957866,-0.31799379660958516,0.09261999942600738,1.0128798582347682,-0.043592869073654276
2018-01-31,0.022680823423609543,0.9536070823485796,-0.2078898410286413,-0.3510397169267592,0.09178861691175569,1.0812027239934723,-0.04675261055059983
2018-02-28,0.009463127459588775,0.9310636076947287,-0.17715214940143326,-0.3652483348500932,0.12690847029584212,1.0712902777972886,-0.062137715668573124
2018-03-31,0.000733047255892484,0.9556557853146362,-0.19942804223741945,-0.3837757036117474,0.08123977469563218,1.1439421507418457,-0.06696629333419311
2018-04-30,-0.00229041532803155,0.9529153687783731,-0.19440760526196507,-0.3842909861671198,0.0872231160823006,1.1362684209721312,-0.06971604740120592
2018-05-31,-0.10001151963834311,0.9530912719216668,-0.17831632061338792,-0.35555738921125773,0.17411121667918858,1.025600441528537,-0.07883876933362638
2018-06-30,-0.15422857421396624,0.9448830189037516,-0.1768195148474211,-0.3420744210896497,0.1918067478690314,0.9984471875114451,-0.08817337983654672
2018-07-31,-0.025363884450239665,0.9337487982182382,-0.15380202933135648,-0.40162309148778375,0.19285338983722744,1.0185777948379078,-0.13492607107904234
2018-08-31,-0.12352094694383879,0.9473786407006302,-0.16563490279553886,-0.39870638622269217,0.18954929139442198,1.0076582967231138,-0.1330049017795491
2018-09-30,-0.10540108643146996,0.9713956357390241,-0.15745772190954982,-0.40624650823767583,0.18646430437726288,1.0159736392177992,-0.11041590574347988
2018-10-31,-0.13522526576042598,0.9774514170954022,-0.1541534875855538,-0.3910743512788023,0.18859663324694778,1.003254655985419,-0.10528256660011301
2018-11-30,-0.032077784157870284,0.9194718362830807,-0.22041631491470326,-0.39185837425140463,0.13085393143601345,1.1022094749619704,-0.12771310249820578
2018-12-31,-0.02772745698822873,0.9120279903531124,-0.22275866176516884,-0.397749031528265,0.10939894117754391,1.0978686101019381,-0.134744460431723
2019-01-31,-0.034866802420872395,0.9445865360569888,-0.21098908927477425,-0.3821250299517049,0.1301892170457912,1.1063678003530397,-0.12168427819093156
2019-02-28,-0.06202270856514154,0.9355959927363882,-0.21023322837052696,-0.3760915051144509,0.13877687352003812,1.118449149086034,-0.10396784747247545
2019-03-31,-0.07627693579816013,0.9497540975984482,-0.19586915884599365,-0.3774546628240446,0.1904898906308623,1.120177616604057,-0.0981599090075243
2019-04-30,-0.08524986118734575,0.9555653797277163,-0.1862243625042442,-0.35204012574668553,0.19295644327572983,1.1112728748141232,-0.08996808151858172
2019-05-31,-0.015141464394032954,0.9681835109169447,-0.19936754565755516,-0.2264102196961598,0.2994048856299106,0.9365519442939572,-0.10511655259679582
2019-06-30,0.07184405738805219,0.9577597637178796,-0.21418779876910124,-0.24159863512402044,0.33240957976267743,0.9982016578623686,-0.10001571313224057
2019-07-31,0.021680856630355256,0.9325126577884708,-0.19642795572007218,-0.25226985871207075,0.32562497100305876,0.999135735636153,-0.10453071067514919
2019-08-31,-0.014247352282206778,0.9398264748456261,-0.21360740499359465,-0.25507205766230107,0.3515710534322069,1.0421972394962888,-0.09986421291198846
2019-09-30,-0.004941806483799531,0.9403489629876337,-0.21088786521311303,-0.28013620922828353,0.3510315801859506,1.062694383269976,-0.0860637128341878
2019-10-31,-0.024603498317411567,0.949667536670942,-0.2126356192964364,-0.31125663413880994,0.29643240602060295,1.0408071327274024,-0.07341601138915115
2019-11-30,-0.0005578314863564434,0.9462557759291336,-0.21754747204601296,-0.31570302180775445,0.30118857226640827,1.0347478975656326,-0.07806736663391814
2019-12-31,-0.002197684014242746,0.9465568748375056,-0.20635663034284907,-0.31676391156600486,0.31578882740827935,1.04287107511207,-0.07255185331243909
2020-01-31,-0.016406187307241027,0.9477698447279,-0.2140345170874809,-0.34440702795571876,0.3316731809181293,1.054941087765945,-0.07628259608570159
2020-02-29,-0.016534476994486073,0.9462352506306876,-0.1888142119432101,-0.3204139988997064,0.3551526664289969,1.0540613794289824,-0.0714249949640429
2020-03-31,0.10486843318103295,0.8667023361140782,-0.16110552443793524,-0.3574100877736785,0.3531929273998721,0.944692140105596,-0.11922683752097735
2020-04-30,-0.015215104190967221,0.8850080807300124,-0.08753578305073886,-0.11988639880507376,0.5179739369527749,0.7392301744982795,-0.045607795199596915
2020-05-31,-0.014580077530844218,0.8469182987493836,-0.0994954935042053,-0.07980090878857878,0.4526569273916446,0.7083731153701491,-0.034953033104829445
2020-06-30,-0.06770566863294378,0.8619321551231565,-0.020298122912167375,-0.1166556883109521,0.5202240006187363,0.7592862864705385,0.01916312652614721
2020-07-31,-0.14608134121848154,0.8479761450107235,-0.06865266963028573,-0.07116810708238265,0.5124019773313608,0.6792303780056094,0.006898276974718548
2020-08-31,-0.20009235992208724,0.850526172846631,-0.10283799854529009,-0.07891814923439743,0.4822867511791279,0.6847691740464916,-0.022887737432381185
2020-09-30,-0.21504091837901398,0.8327644356476479,-0.10242920594295057,-0.0739537640359475,0.41462429653056554,0.6899966083278931,-0.04950414213895247
2020-10-31,-0.009987787869777071,0.7689140324131898,-0.06918587810062743,-0.0407999476773238,0.4444335363154744,0.6178074494146216,-0.06530160129148634
2020-11-30,-0.037225630316321964,0.7780066593660935,-0.08276485144302247,-0.04730634539586432,0.44571069121995455,0.63393995682031,-0.06009263311419443
2020-12-31,-0.021819740008723703,0.7956417290710871,-0.04588167578752249,-0.09501999790876556,0.3618769960918385,0.6972358872921661,-0.10980034594640159
2021-01-31,0.012188536219105296,0.7996193541243432,-0.01860255227325322,-0.10952184041303595,0.33395081627044576,0.7142930916858751,-0.10527900788834631
2021-02-28,-0.035102045632486104,0.784646995996187,-0.10041645904400827,-0.11159948319149487,0.3902940133229941,0.5849779385418212,-0.17357118391980397
2021-03-31,-0.012237605546140515,0.7755737728971525,-0.08353496641908145,-0.07616970668692714,0.3536870441478706,0.47217454170085976,-0.19150359097790876
2021-04-30,-0.0996954961615968,0.7801840050616462,-0.07461680499184596,-0.11978564392947628,0.20447797578326907,0.42661692630123227,-0.19648736859464408
2021-05-31,-0.09885844232564564,0.780615856292665,-0.07479477465361348,-0.12045764140647171,0.20371111352341587,0.42808982519875777,-0.19754739466922522
2021-06-30,-0.11218699737304971,0.7843306783466406,-0.09652716136811994,-0.13318235972273554,0.15133272869187492,0.42270284473822156,-0.22125845807105832
2021-07-31,-0.13326731225538793,0.7756162499506399,-0.09178544714672442,-0.11245524964426167,0.17734000310487688,0.40943281806262655,-0.2172228723008633
2021-08-31,-0.2041110649121093,0.7837130054617384,-0.1336543018303801,-0.07374152441949063,0.044263025728106906,0.34105343483512723,-0.23558474090599735
2021-09-30,-0.1895369874977977,0.7832670508952697,-0.1279047492711325,-0.07562769821404879,0.05109287091949431,0.3345715283678964,-0.23606781747299513
2021-10-31,-0.14055973299778815,0.7826706255695399,-0.15324170333288803,-0.06206621849297538,-0.005078688039602526,0.2920247366808513,-0.26591954767874737
2021-11-30,-0.21441425596246538,0.7182583379542086,-0.08843940083973617,-0.11018040709049048,0.0159412743936709,0.32070012636529,-0.3235594425466223
2021-12-31,-0.22320018711971532,0.7524853791858171,-0.21633425147704224,-0.03442119756833939,-0.2694453158455996,0.23552995925384854,-0.35268028036645177
2022-01-31,-0.26172373653256187,0.7515861460236521,-0.24076620237102095,-0.05091843951607371,-0.25325272308372754,0.2318347342343576,-0.3601734116042308
2022-02-28,-0.33868194779523736,0.753673753035078,-0.24609745791648432,-0.084194729266678,-0.265710859821068,0.2731317074376978,-0.3743789351552078
2022-03-31,-0.3042983118272946,0.7502045915302443,-0.22045210642252397,-0.07772262107048626,-0.268584415661882,0.2998394928287541,-0.3563866477540588
2022-04-30,-0.2880766018890018,0.713211189353282,-0.20488695536626617,-0.05041853505731848,-0.2213149810246858,0.16645277804432324,-0.38300736628400484
2022-05-31,-0.32829614280434943,0.727716324084185,-0.23440334239165708,-0.04615601958074329,-0.26201143470364013,0.14740986474478107,-0.3950413332275549
2022-06-30,-0.22782293925881966,0.7558158335204288,-0.24723974664623666,0.0670811904408666,-0.26783873361093113,0.17268476327170493,-0.30827389410926903
2022-07-31,-0.14350904415326532,0.7301572010742634,-0.22947737570732618,0.05646042474013826,-0.23452094601324958,0.1276721504767745,-0.3176530805786159
2022-08-31,-0.20974240063944646,0.7190459663757054,-0.21692187130983534,0.047616618275073685,-0.2604383065611165,0.25142400418173955,-0.29514179604195273
2022-09-30,-0.305855119286971,0.7108652388219078,-0.1829792062970334,0.03039963332333232,-0.21076993451029158,0.2631683134234077,-0.29804073176819706
2022-10-31,-0.45442365609107394,0.753694421876506,-0.17643247566231876,-0.002359342554430715,-0.17761632875418398,0.32970052321376153,-0.2961330287077433
2022-11-30,-0.40284794475492236,0.7913094221765843,-0.09631174929223556,0.011732018115830965,-0.13693440698682946,0.4183488607279436,-0.22791630145442354
2022-12-31,-0.30789236061815906,0.7983079472239049,-0.1298873576243766,0.08959261511084933,-0.17620986643909206,0.28611646006784724,-0.18023790068683132
2023-01-31,-0.3533864385400307,0.8035562549631643,-0.14670583311243207,0.09846488947330795,-0.20101915193777828,0.2687227387808958,-0.1859937496879684
2023-02-28,-0.23127128749592887,0.7877843590250936,-0.1520020863213689,0.06028253314935201,-0.2614714525834361,0.2529235038881486,-0.2963017825964688
2023-03-31,-0.2922356957061868,0.8021893047822046,-0.1710788289046656,0.05756923837996831,-0.28386797164592026,0.2763315844285635,-0.2971814064765925
2023-04-30,-0.2721350051053765,0.7912520594060257,-0.13076072559252908,0.08396210691577208,-0.2683415618374376,0.2367323495369036,-0.27123434121448653
2023-05-31,-0.25968337951472226,0.789957623794289,-0.12663990689184337,0.08037818182005653,-0.26407416205041606,0.24235453845797747,-0.2717751868638426
2023-06-30,-0.3879840561074661,0.8066978439153119,-0.10924190343169544,0.059757349136508986,-0.26834888041752036,0.3903284201347024,-0.27471413974145126
